PipelineID,GeneID,ARO,Name_of_the_organism,drug_target_gene_id,vfID
P1,AAF40764.1,ARO:3003962,Neisseria gonorrhoeae,,
P2,EOU56998.1,ARO:3004597,Neisseria gonorrhoeae,,
P3,AAC75733.1,ARO:3000074,Neisseria gonorrhoeae,,
P4,BAA11237.1,ARO:3000254,Neisseria gonorrhoeae,,
P5,CDO12042.1,ARO:3005053,Pseudomonas aeruginosa,,
P6,CDO12042.1,ARO:3005053,Salmonella serotype Typhi,,
P7,AAA74437.1,ARO:3000378,Pseudomonas aeruginosa,,
P8,AAA74437.1,ARO:3000378,Salmonella serotype Typhi,,
P9,AAC73564.1,ARO:3000216,Pseudomonas aeruginosa,,
P10,AAC73564.1,ARO:3000216,Salmonella serotype Typhi,,
P11,AAC76298.1,ARO:3000502,Pseudomonas aeruginosa,,
P12,AAC76298.1,ARO:3000502,Salmonella serotype Typhi,,
P13,AAC76298.1,ARO:3000502,Salmonella serotype Typhi,,
P14,BAA16344.1,ARO:3000491,Pseudomonas aeruginosa,,
P15,BAA16344.1,ARO:3000491,Salmonella serotype Typhi,,
P16,AAC76539.1,ARO:3000796,Pseudomonas aeruginosa,,
P17,AAC76539.1,ARO:3000796,Salmonella serotype Typhi,,
P18,AAC76539.1,ARO:3000796,Salmonella serotype Typhi,,
P19,CAC14595.1,ARO:3003056,Pseudomonas aeruginosa,,
P20,CAC14595.1,ARO:3003056,Salmonella serotype Typhi,,
P21,CAC14595.1,ARO:3003056,Salmonella serotype Typhi,,
P22,AAX14802.1,ARO:3000781,Pseudomonas aeruginosa,,
P23,AAX14802.1,ARO:3000781,Salmonella serotype Typhi,,
P24,AAX14802.1,ARO:3000781,Salmonella serotype Typhi,,
P25,EGP45231.1,ARO:3004144,Pseudomonas aeruginosa,,
P26,EGP45231.1,ARO:3004144,Salmonella serotype Typhi,,
P27,EGP45231.1,ARO:3004144,Salmonella serotype Typhi,,
P28,AAD51345.1,ARO:3003052,Pseudomonas aeruginosa,,
P29,AAD51345.1,ARO:3003052,Salmonella serotype Typhi,,
P30,AAD51345.1,ARO:3003052,Salmonella serotype Typhi,,
P31,CAH35802.1,ARO:3002983,Pseudomonas aeruginosa,,
P32,CAH35802.1,ARO:3002983,Salmonella serotype Typhi,,
P33,CAH35802.1,ARO:3002983,Salmonella serotype Typhi,,
P34,AAF42062.1,ARO:3000811,Pseudomonas aeruginosa,,
P35,AAL14440.1,ARO:3000775,Pseudomonas aeruginosa,,
P36,AAL14440.1,ARO:3000775,Salmonella serotype Typhi,,
P37,AAL14440.1,ARO:3000775,Salmonella serotype Typhi,,
P38,BAA34300.1,ARO:3003033,Pseudomonas aeruginosa,,
P39,BAA34300.1,ARO:3003033,Salmonella serotype Typhi,,
P40,BAA34300.1,ARO:3003033,Salmonella serotype Typhi,,
P41,AAB41957.1,ARO:3000801,Pseudomonas aeruginosa,,
P42,ABS43151.1,ARO:3000784,Pseudomonas aeruginosa,,
P43,ABS43151.1,ARO:3000784,Salmonella serotype Typhi,,
P44,ABS43151.1,ARO:3000784,Salmonella serotype Typhi,,
P45,AAB58161.1,ARO:3003010,Pseudomonas aeruginosa,,
P46,AAL19305.1,ARO:3000790,Pseudomonas aeruginosa,,
P47,AAL19305.1,ARO:3000790,Salmonella serotype Typhi,,
P48,AAL19305.1,ARO:3000790,Salmonella serotype Typhi,,
P49,CAJ77856.1,ARO:3000777,Pseudomonas aeruginosa,,
P50,CAJ77856.1,ARO:3000777,Salmonella serotype Typhi,,
P51,CAJ77856.1,ARO:3000777,Salmonella serotype Typhi,,
P52,AAG05882.1,ARO:3000804,Pseudomonas aeruginosa,,
P53,AAG05882.1,ARO:3000804,Salmonella serotype Typhi,,
P54,AAG05882.1,ARO:3000804,Salmonella serotype Typhi,,
P55,AAP43110.2,ARO:3003923,Pseudomonas aeruginosa,,
P56,AAP43110.2,ARO:3003923,Salmonella serotype Typhi,,
P57,AAP43110.2,ARO:3003923,Salmonella serotype Typhi,,
P58,BAE06008.1,ARO:3003699,Pseudomonas aeruginosa,,
P59,BAE06008.1,ARO:3003699,Salmonella serotype Typhi,,
P60,BAE06008.1,ARO:3003699,Salmonella serotype Typhi,,
P61,AAG07763.1,ARO:3003031,Pseudomonas aeruginosa,,
P62,AAG07763.1,ARO:3003031,Salmonella serotype Typhi,,
P63,AAG07763.1,ARO:3003031,Salmonella serotype Typhi,,
P64,AAG07594.1,ARO:3000808,Pseudomonas aeruginosa,,
P65,AAG07594.1,ARO:3000808,Salmonella serotype Typhi,,
P66,AAG07594.1,ARO:3000808,Salmonella serotype Typhi,,
P67,CAH14033.1,ARO:3004100,Pseudomonas aeruginosa,,
P68,CAH14033.1,ARO:3004100,Salmonella serotype Typhi,,
P69,CAH14033.1,ARO:3004100,Salmonella serotype Typhi,,
P70,AAG05915.1,ARO:3004074,Pseudomonas aeruginosa,,
P71,AAG05915.1,ARO:3004074,Salmonella serotype Typhi,,
P72,AAG05915.1,ARO:3004074,Salmonella serotype Typhi,,
P73,AAC75137.1,ARO:3000794,Pseudomonas aeruginosa,,
P74,AAC75137.1,ARO:3000794,Salmonella serotype Typhi,,
P75,AAC75137.1,ARO:3000794,Salmonella serotype Typhi,,
P76,BAE06006.1,ARO:3003705,Pseudomonas aeruginosa,,
P77,BAE06006.1,ARO:3003705,Salmonella serotype Typhi,,
P78,BAE06006.1,ARO:3003705,Salmonella serotype Typhi,,
P79,AAG05914.1,ARO:3004075,Pseudomonas aeruginosa,,
P80,AAG05914.1,ARO:3004075,Salmonella serotype Typhi,,
P81,AAG05914.1,ARO:3004075,Salmonella serotype Typhi,,
P82,AAG03814.1,ARO:3000377,Pseudomonas aeruginosa,,
P83,AAC73565.1,ARO:3004043,Pseudomonas aeruginosa,,
P84,ABG77965.1,ARO:3004042,Pseudomonas aeruginosa,,
P85,AAC76297.1,ARO:3000499,Pseudomonas aeruginosa,,
P86,CAC41008.1,ARO:3004041,Pseudomonas aeruginosa,,
P87,CAC14594.1,ARO:3003055,Pseudomonas aeruginosa,,
P88,BAE77781.1,ARO:3000795,Pseudomonas aeruginosa,,
P89,ACJ41739.1,ARO:3000780,Pseudomonas aeruginosa,,
P90,AAB41958.1,ARO:3000802,Pseudomonas aeruginosa,,
P91,AAB41958.1,ARO:3000802,Pseudomonas aeruginosa,,
P92,AAG03816.1,ARO:3000379,Pseudomonas aeruginosa,,
P93,AAG03816.1,ARO:3000379,Pseudomonas aeruginosa,,
P94,EGP45230.2,ARO:3004142,Pseudomonas aeruginosa,,
P95,EGP45230.2,ARO:3004142,Pseudomonas aeruginosa,,
P96,BAM10414.1,ARO:3003039,Pseudomonas aeruginosa,,
P97,BAM10414.1,ARO:3003039,Pseudomonas aeruginosa,,
P98,CAC14596.1,ARO:3003057,Pseudomonas aeruginosa,,
P99,CAC14596.1,ARO:3003057,Pseudomonas aeruginosa,,
P100,AAL19304.1,ARO:3000791,Pseudomonas aeruginosa,,
P101,AAL19304.1,ARO:3000791,Pseudomonas aeruginosa,,
P102,CAA64891.1,ARO:3000812,Pseudomonas aeruginosa,,
P103,CAA64891.1,ARO:3000812,Pseudomonas aeruginosa,,
P104,AAD51346.1,ARO:3003053,Pseudomonas aeruginosa,,
P105,AAD51346.1,ARO:3003053,Pseudomonas aeruginosa,,
P106,AAX14803.1,ARO:3000782,Pseudomonas aeruginosa,,
P107,ALX99516.1,ARO:3003811,Pseudomonas aeruginosa,,
P108,AAG05661.1,ARO:3004107,Pseudomonas aeruginosa,,
P109,CAA09666.1,ARO:3004122,Salmonella serotype Typhi,,
P110,CAA09666.1,ARO:3004122,Salmonella serotype Typhi,,
P111,CAA09666.1,ARO:3004122,Salmonella serotype Typhi,,
P112,CAA09666.1,ARO:3004122,Salmonella serotype Typhi,,
P113,CAA09666.1,ARO:3004122,Salmonella serotype Typhi,,
P114,AAC75136.1,ARO:3000793,Salmonella serotype Typhi,,
P115,AAC75136.1,ARO:3000793,Salmonella serotype Typhi,,
P116,AAC75135.2,ARO:3000792,Salmonella serotype Typhi,,
P117,AAG05916.1,ARO:3004073,Salmonella serotype Typhi,,
P118,CDO13836.1,ARO:3005044,Salmonella serotype Typhi,,
P119,AIA35096.1,ARO:3005059,Salmonella serotype Typhi,,
P120,Q181B4.1,,,Q97R46,VFG047265
P121,Q181B4.1,,,Q97R46,VFG047266
P122,Q181B4.1,,,Q97R46,VFG047258
P123,Q181B4.1,,,Q97R46,VFG047250
P124,Q181B4.1,,,Q97R46,VFG047249
P125,Q181B4.1,,,Q97R46,VFG047256
P126,Q181B4.1,,,Q97R46,VFG047253
P127,Q181B4.1,,,Q97R46,VFG047255
P128,Q181B4.1,,,P43889,VFG047265
P129,Q181B4.1,,,P43889,VFG047266
P130,Q181B4.1,,,P43889,VFG047258
P131,Q181B4.1,,,P43889,VFG047250
P132,Q181B4.1,,,P43889,VFG047249
P133,Q181B4.1,,,P43889,VFG047256
P134,Q181B4.1,,,P43889,VFG047253
P135,Q181B4.1,,,P43889,VFG047255
P136,Q181B4.1,,,P0ACC7,VFG047265
P137,Q181B4.1,,,P0ACC7,VFG047266
P138,Q181B4.1,,,P0ACC7,VFG047258
P139,Q181B4.1,,,P0ACC7,VFG047250
P140,Q181B4.1,,,P0ACC7,VFG047249
P141,Q181B4.1,,,P0ACC7,VFG047256
P142,Q181B4.1,,,P0ACC7,VFG047253
P143,Q181B4.1,,,P0ACC7,VFG047255
P144,Q181T7.1,,,Q9X519,
P145,Q185R8.1,,,P45568,
P146,Q18CE9.1,,,Q2G0P0,
P147,B4RJI1.1,,,P0A6R0,
P148,B4RJT2.1,,,P05020,
P149,B4RJV8.1,,,P0A2K1,
P150,B4RKE5.1,,,Q9JZW6,
P151,B4RL93.1,,,P0A6D3,
P152,B4RLF4.1,,,Q9HTN2,
P153,B4RLI6.2,,,P12996,VFG047506
P154,B4RLI6.2,,,P12996,VFG047505
P155,B4RLI6.2,,,P12996,VFG047514
P156,B4RLI6.2,,,P12996,VFG047512
P157,B4RLI6.2,,,P12996,VFG047517
P158,B4RLI6.2,,,P12996,VFG047510
P159,B4RLI6.2,,,P12996,VFG047521
P160,B4RMD6.1,,,P0A716,VFG013470
P161,B4RMD6.1,,,P0A716,VFG013179
P162,B4RMD6.1,,,P0A716,VFG013467
P163,B4RMD6.1,,,P0A716,VFG013465
P164,B4RMD6.1,,,P0A716,VFG013468
P165,B4RMD6.1,,,P0A716,VFG013466
P166,B4RMD6.1,,,P0A716,VFG013469
P167,B4RN46.1,,,P56122,
P168,B4RNN0.1,,,P56220,
P169,B4RPR2.1,,,P33038,
P170,B4RPR2.1,,,P0A751,
P171,B4RPR2.1,,,P0A749,
P172,B4RPZ2.1,,,P62623,
P173,B4RR35.1,,,P04036,
P174,O05131.3,,,Q07806,
P175,O05131.3,,,P02918,
P176,O05131.3,,,P02918,
P177,P08149.1,,,P08149,
P178,P08149.1,,,P0AD68,
P179,P08149.1,,,P0AD69,
P180,P08149.1,,,P0AD68,
P181,P08149.1,,,Q51504,
P182,P08149.1,,,P45059,
P183,P08149.1,,,Q60FT7,
P184,P18195.1,,,Q5RT80,VFG006243
P185,P18195.1,,,Q5RT80,VFG019709
P186,P18195.1,,,Q5RT80,VFG036513
P187,P18195.1,,,Q5RT80,VFG036502
P188,P18195.1,,,Q5RT80,VFG006240
P189,P18195.1,,,Q5RT80,VFG000250
P190,P18195.1,,,Q5RT80,VFG018794
P191,P18195.1,,,Q5RT80,VFG036504
P192,P18195.1,,,Q5RT80,VFG036507
P193,P18195.1,,,Q5RT80,VFG036510
P194,P18195.1,,,Q5RT80,VFG036505
P195,P18195.1,,,Q5RT80,VFG036508
P196,P18195.1,,,Q5RT80,VFG006242
P197,P18195.1,,,Q5RT80,VFG036506
P198,P18195.1,,,Q5RT80,VFG036503
P199,P37094.1,,,P37093,VFG019689
P200,P37094.1,,,P37093,VFG006161
P201,P37094.1,,,P37093,VFG000233
P202,P37094.1,,,P37093,VFG036285
P203,P37094.1,,,P37093,VFG036284
P204,P37094.1,,,P37093,VFG036295
P205,P37094.1,,,P37093,VFG013779
P206,P37094.1,,,P37093,VFG042959
P207,P37094.1,,,P37093,VFG013778
P208,P37094.1,,,P37093,VFG050457
P209,P37094.1,,,P37093,VFG000112
P210,P37094.1,,,P37093,VFG050455
P211,P37094.1,,,P37093,VFG050461
P212,P37094.1,,,P37093,VFG019728
P213,P37094.1,,,P37093,VFG013775
P214,P37094.1,,,P37093,VFG050463
P215,P37094.1,,,P37093,VFG050456
P216,P37094.1,,,P37093,VFG013776
P217,P37094.1,,,P37093,VFG013781
P218,P37094.1,,,P37093,VFG013777
P219,P37094.1,,,P37093,VFG050458
P220,P37094.1,,,P37093,VFG013774
P221,P37094.1,,,P37093,VFG042934
P222,P37094.1,,,P37093,VFG013780
P223,P37094.1,,,P37093,VFG010446
P224,P37094.1,,,P37093,VFG038434
P225,P37094.1,,,P37093,VFG010445
P226,P37094.1,,,P37093,VFG010444
P227,P37094.1,,,P37093,VFG001880
P228,P37094.1,,,P37093,VFG038432
P229,P37094.1,,,P37093,VFG038431
P230,P37094.1,,,P37093,VFG038433
P231,P37094.1,,,P37093,VFG045695
P232,P37094.1,,,P37093,VFG006902
P233,P37094.1,,,P37093,VFG006907
P234,P37094.1,,,P37093,VFG006904
P235,P37094.1,,,P37093,VFG006906
P236,P37094.1,,,P37093,VFG006905
P237,P37094.1,,,P37093,VFG046359
P238,P37094.1,,,P37093,VFG046345
P239,P37094.1,,,P37093,VFG046352
P240,P37094.1,,,P37093,VFG046344
P241,P37094.1,,,P37093,VFG046355
P242,P37094.1,,,P37093,VFG046349
P243,P37094.1,,,P37093,VFG042853
P244,P37094.1,,,P37093,VFG046347
P245,P37094.1,,,P37093,VFG046348
P246,P37094.1,,,P37093,VFG046346
P247,P37094.1,,,P37093,VFG042821
P248,P37094.1,,,P37093,VFG024847
P249,P37094.1,,,P37093,VFG024848
P250,P37094.1,,,P37093,VFG024846
P251,P37094.1,,,P37093,VFG002426
P252,P37094.1,,,P37093,VFG024843
P253,P37094.1,,,P37093,VFG024840
P254,P37094.1,,,P37093,VFG024850
P255,P37094.1,,,P37093,VFG024838
P256,P37094.1,,,P37093,VFG024841
P257,P37094.1,,,P37093,VFG050758
P258,P37094.1,,,P37093,VFG050755
P259,P37094.1,,,P37093,VFG050757
P260,P37094.1,,,P37093,VFG040920
P261,P37094.1,,,P37093,VFG007101
P262,P37094.1,,,P37093,VFG000182
P263,P37094.1,,,P37093,VFG007100
P264,P37094.1,,,P37093,VFG007099
P265,P37094.1,,,P37093,VFG040878
P266,P37094.1,,,P37093,VFG040983
P267,P37094.1,,,P37093,VFG042842
P268,P37094.1,,,P37093,VFG003561
P269,P37094.1,,,P37093,VFG007097
P270,P37094.1,,,P37093,VFG007098
P271,P37094.1,,,P37093,VFG038276
P272,P37094.1,,,P37093,VFG038278
P273,P37094.1,,,P37093,VFG040914
P274,P37094.1,,,P37093,VFG002048
P275,P37094.1,,,P37093,VFG038277
P276,P37094.1,,,P37093,VFG040954
P277,P37094.1,,,P37093,VFG038279
P278,P37094.1,,,P37093,VFG040933
P279,P37094.1,,,P37093,VFG050778
P280,P37094.1,,,P37093,VFG050776
P281,P37094.1,,,P37093,VFG050773
P282,P37094.1,,,P37093,VFG050781
P283,P37094.1,,,P37093,VFG050772
P284,P37094.1,,,P37093,VFG010812
P285,P37094.1,,,P37093,VFG010811
P286,P37094.1,,,P37093,VFG050770
P287,P37094.1,,,P37093,VFG001876
P288,P37094.1,,,P37093,VFG010813
P289,P37094.1,,,P37093,VFG040961
P290,P37094.1,,,P37093,VFG045756
P291,P37094.1,,,P37093,VFG006967
P292,P52325.1,,,Q18BX5,
P293,Q50986.1,,,P43889,VFG047249
P294,Q50986.1,,,P43889,VFG047258
P295,Q50986.1,,,P43889,VFG047256
P296,Q50986.1,,,P43889,VFG047253
P297,Q50986.1,,,P43889,VFG047250
P298,Q50986.1,,,P43889,VFG047255
P299,Q50986.1,,,P43889,VFG047265
P300,Q50986.1,,,P43889,VFG047266
P301,Q50986.1,,,P0ACC7,VFG047249
P302,Q50986.1,,,P0ACC7,VFG047258
P303,Q50986.1,,,P0ACC7,VFG047256
P304,Q50986.1,,,P0ACC7,VFG047253
P305,Q50986.1,,,P0ACC7,VFG047250
P306,Q50986.1,,,P0ACC7,VFG047255
P307,Q50986.1,,,P0ACC7,VFG047265
P308,Q50986.1,,,P0ACC7,VFG047266
P309,Q50986.1,,,Q97R46,VFG047249
P310,Q50986.1,,,Q97R46,VFG047258
P311,Q50986.1,,,Q97R46,VFG047256
P312,Q50986.1,,,Q97R46,VFG047253
P313,Q50986.1,,,Q97R46,VFG047250
P314,Q50986.1,,,Q97R46,VFG047255
P315,Q50986.1,,,Q97R46,VFG047265
P316,Q50986.1,,,Q97R46,VFG047266
P317,Q5F569.1,,,P47205,VFG013413
P318,Q5F569.1,,,P47205,VFG013414
P319,Q5F569.1,,,P47205,VFG013415
P320,Q5F569.1,,,P47205,VFG013412
P321,Q5F569.1,,,P47205,VFG013417
P322,Q5F569.1,,,P47205,VFG013170
P323,Q5F569.1,,,P47205,VFG013416
P324,Q5F569.1,,,P47205,VFG037831
P325,Q5F569.1,,,P47205,VFG037822
P326,Q5F5A9.2,,,P00864,
P327,Q5F5V1.1,,,P0A7V8,
P328,Q5F5V2.1,,,P0A7Z4,
P329,Q5F5X0.1,,,P45568,
P330,Q5F6L9.3,,,P45066,
P331,Q5F6P1.1,,,P0A794,
P332,Q5F788.1,,,Q9HTQ2,
P333,Q5F863.1,,,Q9X112,
P334,A6UYN3.1,,,P0A8X2,
P335,A6UYU5.1,,,P9WK17,VFG043448
P336,A6UYU5.1,,,P37330,VFG043448
P337,A6UYW0.1,,,P12996,VFG047506
P338,A6UYW0.1,,,P12996,VFG047505
P339,A6UYW0.1,,,P12996,VFG047512
P340,A6UYW0.1,,,P12996,VFG047517
P341,A6UYW0.1,,,P12996,VFG047510
P342,A6UYW0.1,,,P12996,VFG047521
P343,A6UYW0.1,,,P12996,VFG047514
P344,A6UYW0.1,,,P12996,VFG047507
P345,A6UZL2.1,,,P0A7V8,
P346,A6UZL3.1,,,P0A7Z4,
P347,A6V0X2.1,,,P9WQB3,
P348,A6V125.1,,,P0A876,
P349,A6V125.1,,,P43912,
P350,A6V1A0.1,,,P00864,
P351,A6V1D8.1,,,P45568,
P352,A6V1F2.1,,,P0A716,VFG013465
P353,A6V1F2.1,,,P0A716,VFG013468
P354,A6V1F2.1,,,P0A716,VFG013466
P355,A6V1F2.1,,,P0A716,VFG013467
P356,A6V1F2.1,,,P0A716,VFG013469
P357,A6V1F2.1,,,P0A716,VFG013470
P358,A6V1F2.1,,,P0A716,VFG013179
P359,A6V1K5.1,,,Q9X112,
P360,A6V1R9.1,,,P05020,
P361,A6V4H6.1,,,P25924,
P362,A6VA75.1,,,P76216,
P363,A6VAK3.1,,,P0A794,
P364,A6VB79.1,,,P47205,VFG013170
P365,A6VB79.1,,,P47205,VFG013417
P366,A6VB79.1,,,P47205,VFG013413
P367,A6VB79.1,,,P47205,VFG013414
P368,A6VB79.1,,,P47205,VFG037822
P369,A6VB79.1,,,P47205,VFG013412
P370,A6VB79.1,,,P47205,VFG013415
P371,A6VB79.1,,,P47205,VFG037831
P372,A6VB79.1,,,P47205,VFG013416
P373,A6VB79.1,,,P47205,VFG037823
P374,A6VB84.1,,,P45066,
P375,A6VB98.1,,,Q9HVZ0,
P376,A6VBC3.1,,,P33038,
P377,A6VBC3.1,,,P0A751,
P378,A6VBC3.1,,,P0A749,
P379,A6VCL6.1,,,P04036,
P380,A6VDP9.1,,,Q9X519,
P381,A6VED0.1,,,Q9HTN2,
P382,A6VF30.1,,,P0ACC7,VFG047250
P383,A6VF30.1,,,P0ACC7,VFG047266
P384,A6VF30.1,,,P0ACC7,VFG047265
P385,A6VF30.1,,,P0ACC7,VFG047258
P386,A6VF30.1,,,P0ACC7,VFG047249
P387,A6VF30.1,,,P0ACC7,VFG047256
P388,A6VF30.1,,,P0ACC7,VFG047253
P389,A6VF30.1,,,P0ACC7,VFG047255
P390,A6VF30.1,,,P43889,VFG047250
P391,A6VF30.1,,,P43889,VFG047266
P392,A6VF30.1,,,P43889,VFG047265
P393,A6VF30.1,,,P43889,VFG047258
P394,A6VF30.1,,,P43889,VFG047249
P395,A6VF30.1,,,P43889,VFG047256
P396,A6VF30.1,,,P43889,VFG047253
P397,A6VF30.1,,,P43889,VFG047255
P398,A6VF30.1,,,Q97R46,VFG047250
P399,A6VF30.1,,,Q97R46,VFG047266
P400,A6VF30.1,,,Q97R46,VFG047265
P401,A6VF30.1,,,Q97R46,VFG047258
P402,A6VF30.1,,,Q97R46,VFG047249
P403,A6VF30.1,,,Q97R46,VFG047256
P404,A6VF30.1,,,Q97R46,VFG047253
P405,A6VF30.1,,,Q97R46,VFG047255
P406,B7V0A0.1,,,P62623,
P407,B7VAU6.1,,,Q9X112,
P408,G3XD46.1,,,Q51504,
P409,G3XD46.1,,,P0AD68,
P410,G3XD46.1,,,P0AD69,
P411,G3XD46.1,,,P0AD68,
P412,G3XD46.1,,,P45059,
P413,G3XD46.1,,,P08149,
P414,G3XD46.1,,,Q60FT7,
P415,P07345.2,,,P0A2K1,
P416,P13981.2,,,P13981,
P417,P22608.2,,,P37093,VFG000112
P418,P22608.2,,,P37093,VFG013775
P419,P22608.2,,,P37093,VFG019728
P420,P22608.2,,,P37093,VFG013774
P421,P22608.2,,,P37093,VFG013780
P422,P22608.2,,,P37093,VFG013781
P423,P22608.2,,,P37093,VFG013779
P424,P22608.2,,,P37093,VFG013778
P425,P22608.2,,,P37093,VFG013777
P426,P22608.2,,,P37093,VFG013776
P427,P22608.2,,,P37093,VFG050457
P428,P22608.2,,,P37093,VFG050456
P429,P22608.2,,,P37093,VFG050461
P430,P22608.2,,,P37093,VFG050455
P431,P22608.2,,,P37093,VFG050463
P432,P22608.2,,,P37093,VFG050458
P433,P22608.2,,,P37093,VFG038431
P434,P22608.2,,,P37093,VFG038434
P435,P22608.2,,,P37093,VFG038432
P436,P22608.2,,,P37093,VFG038433
P437,P22608.2,,,P37093,VFG010445
P438,P22608.2,,,P37093,VFG010446
P439,P22608.2,,,P37093,VFG001880
P440,P22608.2,,,P37093,VFG010444
P441,P22608.2,,,P37093,VFG045695
P442,P22608.2,,,P37093,VFG042959
P443,P22608.2,,,P37093,VFG042934
P444,P22608.2,,,P37093,VFG006904
P445,P22608.2,,,P37093,VFG036295
P446,P22608.2,,,P37093,VFG036285
P447,P22608.2,,,P37093,VFG000233
P448,P22608.2,,,P37093,VFG019689
P449,P22608.2,,,P37093,VFG006161
P450,P22608.2,,,P37093,VFG036284
P451,P22608.2,,,P37093,VFG006902
P452,P22608.2,,,P37093,VFG006907
P453,P22608.2,,,P37093,VFG006905
P454,P22608.2,,,P37093,VFG006906
P455,P22608.2,,,P37093,VFG042821
P456,P22608.2,,,P37093,VFG046359
P457,P22608.2,,,P37093,VFG046345
P458,P22608.2,,,P37093,VFG046344
P459,P22608.2,,,P37093,VFG046355
P460,P22608.2,,,P37093,VFG046352
P461,P22608.2,,,P37093,VFG042853
P462,P22608.2,,,P37093,VFG046349
P463,P22608.2,,,P37093,VFG046347
P464,P22608.2,,,P37093,VFG046346
P465,P22608.2,,,P37093,VFG046348
P466,P22608.2,,,P37093,VFG024847
P467,P22608.2,,,P37093,VFG024848
P468,P22608.2,,,P37093,VFG024846
P469,P22608.2,,,P37093,VFG002426
P470,P22608.2,,,P37093,VFG024843
P471,P22608.2,,,P37093,VFG003561
P472,P22608.2,,,P37093,VFG007101
P473,P22608.2,,,P37093,VFG040891
P474,P22608.2,,,P37093,VFG007097
P475,P22608.2,,,P37093,VFG007100
P476,P22608.2,,,P37093,VFG007099
P477,P22608.2,,,P37093,VFG024850
P478,P22608.2,,,P37093,VFG007098
P479,P22608.2,,,P37093,VFG045756
P480,P22608.2,,,P37093,VFG002048
P481,P22608.2,,,P37093,VFG040954
P482,P22608.2,,,P37093,VFG050758
P483,P22608.2,,,P37093,VFG013102
P484,P22608.2,,,P37093,VFG040933
P485,P22608.2,,,P37093,VFG050757
P486,P22608.2,,,P37093,VFG000182
P487,P22608.2,,,P37093,VFG010811
P488,P22608.2,,,P37093,VFG040985
P489,P22608.2,,,P37093,VFG001876
P490,P22608.2,,,P37093,VFG010813
P491,P22608.2,,,P37093,VFG042842
P492,P22608.2,,,P37093,VFG045984
P493,P22608.2,,,P37093,VFG046000
P494,P22608.2,,,P37093,VFG050755
P495,P22608.2,,,P37093,VFG013100
P496,P22608.2,,,P37093,VFG013101
P497,P22608.2,,,P37093,VFG042799
P498,P22608.2,,,P37093,VFG045983
P499,P22608.2,,,P37093,VFG040983
P500,P22608.2,,,P37093,VFG010812
P501,P22608.2,,,P37093,VFG045974
P502,P22608.2,,,P37093,VFG045987
P503,P22608.2,,,P37093,VFG024840
P504,P22608.2,,,P37093,VFG045991
P505,P22608.2,,,P37093,VFG040914
P506,P22608.2,,,P37093,VFG013103
P507,P22608.2,,,P37093,VFG040920
P508,P22608.2,,,P37093,VFG045994
P509,P22608.2,,,P37093,VFG024838
P510,P22608.2,,,P37093,VFG045995
P511,P22608.2,,,P37093,VFG045992
P512,P22608.2,,,P37093,VFG024841
P513,P22608.2,,,P37093,VFG045977
P514,P22608.2,,,P37093,VFG040961
P515,P22608.2,,,P37093,VFG038278
P516,P22608.2,,,P37093,VFG038591
P517,P22608.2,,,P37093,VFG006967
P518,P22608.2,,,P37093,VFG038589
P519,P22608.2,,,P37093,VFG038590
P520,P22608.2,,,P37093,VFG038276
P521,P22608.2,,,P37093,VFG038277
P522,P22608.2,,,P37093,VFG038279
P523,P22608.2,,,P37093,VFG040878
P524,P22608.2,,,P37093,VFG006965
P525,P22608.2,,,P37093,VFG006964
P526,P22608.2,,,P37093,VFG006962
P527,P22608.2,,,P37093,VFG050776
P528,P22608.2,,,P37093,VFG050781
P529,P22608.2,,,P37093,VFG050772
P530,P22608.2,,,P37093,VFG050778
P531,P22608.2,,,P37093,VFG023611
P532,P22608.2,,,P37093,VFG050773
P533,P22608.2,,,P37093,VFG050770
P534,P26480.1,,,Q18BX5,
P535,P52002.2,,,P31224,VFG049144
P536,P52002.2,,,P31224,VFG049139
P537,P52002.2,,,P31224,VFG049146
P538,P52002.2,,,P31224,VFG049136
P539,P52002.2,,,P31224,VFG036998
P540,P52002.2,,,P31224,VFG036991
P541,P52002.2,,,P31224,VFG037008
P542,P52002.2,,,P31224,VFG037005
P543,P52002.2,,,P31224,VFG036999
P544,P52002.2,,,P31224,VFG036997
P545,P52002.2,,,P31224,VFG036994
P546,P52002.2,,,P31224,VFG037001
P547,P52002.2,,,P31224,VFG036992
P548,P52002.2,,,P31224,VFG037000
P549,P52002.2,,,P31224,VFG036993
P550,P52002.2,,,P31224,VFG036996
P551,P52002.2,,,P31224,VFG037718
P552,P52002.2,,,P31224,VFG037720
P553,P52002.2,,,P31224,VFG037724
P554,P52002.2,,,P31224,VFG037726
P555,P52002.2,,,P31224,VFG037729
P556,P52002.2,,,P31224,VFG037721
P557,Q00512.1,,,P37093,VFG000182
P558,Q00512.1,,,P37093,VFG007097
P559,Q00512.1,,,P37093,VFG050755
P560,Q00512.1,,,P37093,VFG050757
P561,Q00512.1,,,P37093,VFG007100
P562,Q00512.1,,,P37093,VFG007099
P563,Q00512.1,,,P37093,VFG007098
P564,Q00512.1,,,P37093,VFG007101
P565,Q00512.1,,,P37093,VFG040954
P566,Q00512.1,,,P37093,VFG038279
P567,Q00512.1,,,P37093,VFG038276
P568,Q00512.1,,,P37093,VFG038277
P569,Q00512.1,,,P37093,VFG038278
P570,Q00512.1,,,P37093,VFG002048
P571,Q00512.1,,,P37093,VFG045756
P572,Q00512.1,,,P37093,VFG040914
P573,Q00512.1,,,P37093,VFG001876
P574,Q00512.1,,,P37093,VFG010812
P575,Q00512.1,,,P37093,VFG010811
P576,Q00512.1,,,P37093,VFG010813
P577,Q00512.1,,,P37093,VFG050758
P578,Q00512.1,,,P37093,VFG040933
P579,Q00512.1,,,P37093,VFG040961
P580,Q00512.1,,,P37093,VFG003561
P581,Q00512.1,,,P37093,VFG040920
P582,Q00512.1,,,P37093,VFG040878
P583,Q00512.1,,,P37093,VFG023611
P584,Q00512.1,,,P37093,VFG040983
P585,Q00512.1,,,P37093,VFG040985
P586,Q00512.1,,,P37093,VFG040891
P587,Q00512.1,,,P37093,VFG042842
P588,Q00512.1,,,P37093,VFG038434
P589,Q00512.1,,,P37093,VFG038431
P590,Q00512.1,,,P37093,VFG038432
P591,Q00512.1,,,P37093,VFG006904
P592,Q00512.1,,,P37093,VFG038433
P593,Q00512.1,,,P37093,VFG036284
P594,Q00512.1,,,P37093,VFG036285
P595,Q00512.1,,,P37093,VFG000233
P596,Q00512.1,,,P37093,VFG019689
P597,Q00512.1,,,P37093,VFG006907
P598,Q00512.1,,,P37093,VFG006161
P599,Q00512.1,,,P37093,VFG036295
P600,Q00512.1,,,P37093,VFG006902
P601,Q00512.1,,,P37093,VFG050455
P602,Q00512.1,,,P37093,VFG050463
P603,Q00512.1,,,P37093,VFG050461
P604,Q00512.1,,,P37093,VFG050458
P605,Q00512.1,,,P37093,VFG050457
P606,Q00512.1,,,P37093,VFG050456
P607,Q00512.1,,,P37093,VFG050773
P608,Q00512.1,,,P37093,VFG000112
P609,Q00512.1,,,P37093,VFG050778
P610,Q00512.1,,,P37093,VFG050776
P611,Q00512.1,,,P37093,VFG042959
P612,Q00512.1,,,P37093,VFG050772
P613,Q00512.1,,,P37093,VFG006905
P614,Q00512.1,,,P37093,VFG050781
P615,Q00512.1,,,P37093,VFG013775
P616,Q00512.1,,,P37093,VFG006906
P617,Q00512.1,,,P37093,VFG010444
P618,Q00512.1,,,P37093,VFG024848
P619,Q00512.1,,,P37093,VFG050770
P620,Q00512.1,,,P37093,VFG010445
P621,Q00512.1,,,P37093,VFG010446
P622,Q00512.1,,,P37093,VFG024846
P623,Q00512.1,,,P37093,VFG001880
P624,Q00512.1,,,P37093,VFG013774
P625,Q00512.1,,,P37093,VFG024847
P626,Q00512.1,,,P37093,VFG042821
P627,Q00512.1,,,P37093,VFG042934
P628,Q00512.1,,,P37093,VFG002426
P629,Q00512.1,,,P37093,VFG024843
P630,Q00512.1,,,P37093,VFG019728
P631,Q00512.1,,,P37093,VFG013776
P632,Q00512.1,,,P37093,VFG013781
P633,Q00512.1,,,P37093,VFG013777
P634,Q00512.1,,,P37093,VFG013779
P635,Q00512.1,,,P37093,VFG045695
P636,Q00512.1,,,P37093,VFG013778
P637,Q00512.1,,,P37093,VFG046352
P638,Q00512.1,,,P37093,VFG046355
P639,Q00512.1,,,P37093,VFG046344
P640,Q00512.1,,,P37093,VFG046349
P641,Q00512.1,,,P37093,VFG042853
P642,Q00512.1,,,P37093,VFG024850
P643,Q00512.1,,,P37093,VFG013780
P644,Q00512.1,,,P37093,VFG046345
P645,Q00512.1,,,P37093,VFG038591
P646,Q00512.1,,,P37093,VFG046346
P647,Q00512.1,,,P37093,VFG046347
P648,Q00512.1,,,P37093,VFG046348
P649,Q00512.1,,,P37093,VFG006967
P650,Q00512.1,,,P37093,VFG038589
P651,Q00512.1,,,P37093,VFG038590
P652,Q00512.1,,,P37093,VFG024840
P653,Q00512.1,,,P37093,VFG024838
P654,Q00512.1,,,P37093,VFG006964
P655,Q00512.1,,,P37093,VFG006962
P656,Q00512.1,,,P37093,VFG024841
P657,Q00512.1,,,P37093,VFG045987
P658,Q00512.1,,,P37093,VFG045983
P659,Q00512.1,,,P37093,VFG042799
P660,Q01710.1,,,Q7SIA3,
P661,Q01710.1,,,Q51705,
P662,Q02UB7.1,,,P31133,
P663,Q07806.2,,,Q07806,
P664,Q07806.2,,,P02918,
P665,Q07806.2,,,P02918,
P666,Q51344.2,,,P44801,
P667,Q59650.2,,,P22188,
P668,Q9HTQ2.1,,,Q9HTQ2,
P669,Q9HU21.1,,,Q9HU21,
P670,Q9HUN4.1,,,Q9HTQ2,
P671,Q9HUU5.1,,,P18314,VFG006476
P672,Q9HUU5.1,,,P18314,VFG019522
P673,Q9HUU5.1,,,P18314,VFG006475
P674,Q9HUU5.1,,,P18314,VFG006474
P675,Q9HUU5.1,,,P18314,VFG000270
P676,Q9HUU5.1,,,P18314,VFG019520
P677,Q9HUU5.1,,,P41020,VFG006476
P678,Q9HUU5.1,,,P41020,VFG019522
P679,Q9HUU5.1,,,P41020,VFG006475
P680,Q9HUU5.1,,,P41020,VFG006474
P681,Q9HUU5.1,,,P41020,VFG000270
P682,Q9HUU5.1,,,P41020,VFG019520
P683,Q9HUU5.1,,,Q8KT33,VFG006476
P684,Q9HUU5.1,,,Q8KT33,VFG019522
P685,Q9HUU5.1,,,Q8KT33,VFG006475
P686,Q9HUU5.1,,,Q8KT33,VFG006474
P687,Q9HUU5.1,,,Q8KT33,VFG000270
P688,Q9HUU5.1,,,Q8KT33,VFG019520
P689,Q9HVZ9.1,,,P14900,
P690,Q9HYL2.1,,,Q7SIA3,
P691,Q9HYL2.1,,,Q51705,
P692,Q9I1K1.1,,,Q51504,
P693,Q9I1K1.1,,,P0AD68,
P694,Q9I1K1.1,,,P0AD69,
P695,Q9I1K1.1,,,P0AD68,
P696,Q9I1K1.1,,,P08149,
P697,Q9I1K1.1,,,P45059,
P698,Q9I1K1.1,,,Q60FT7,
P699,Q9I2V5.1,,,P36683,
P700,Q9I5N9.1,,,P37093,VFG040878
P701,Q9I5N9.1,,,P37093,VFG040920
P702,Q9I5N9.1,,,P37093,VFG040983
P703,Q9I5N9.1,,,P37093,VFG050757
P704,Q9I5N9.1,,,P37093,VFG050755
P705,Q9I5N9.1,,,P37093,VFG000182
P706,Q9I5N9.1,,,P37093,VFG007101
P707,Q9I5N9.1,,,P37093,VFG007098
P708,Q9I5N9.1,,,P37093,VFG007097
P709,Q9I5N9.1,,,P37093,VFG040961
P710,Q9I5N9.1,,,P37093,VFG040933
P711,Q9I5N9.1,,,P37093,VFG010812
P712,Q9I5N9.1,,,P37093,VFG007099
P713,Q9I5N9.1,,,P37093,VFG010811
P714,Q9I5N9.1,,,P37093,VFG007100
P715,Q9I5N9.1,,,P37093,VFG001876
P716,Q9I5N9.1,,,P37093,VFG010813
P717,Q9I5N9.1,,,P37093,VFG050758
P718,Q9I5N9.1,,,P37093,VFG003561
P719,Q9I5N9.1,,,P37093,VFG040914
P720,Q9I5N9.1,,,P37093,VFG023611
P721,Q9I5N9.1,,,P37093,VFG045756
P722,Q9I5N9.1,,,P37093,VFG038278
P723,Q9I5N9.1,,,P37093,VFG038276
P724,Q9I5N9.1,,,P37093,VFG038277
P725,Q9I5N9.1,,,P37093,VFG038279
P726,Q9I5N9.1,,,P37093,VFG040954
P727,Q9I5N9.1,,,P37093,VFG002048
P728,Q9I5N9.1,,,P37093,VFG040891
P729,Q9I5N9.1,,,P37093,VFG040985
P730,Q9I5N9.1,,,P37093,VFG042842
P731,Q9I5N9.1,,,P37093,VFG036284
P732,Q9I5N9.1,,,P37093,VFG000233
P733,Q9I5N9.1,,,P37093,VFG036285
P734,Q9I5N9.1,,,P37093,VFG036295
P735,Q9I5N9.1,,,P37093,VFG019689
P736,Q9I5N9.1,,,P37093,VFG006161
P737,Q9I5N9.1,,,P37093,VFG038431
P738,Q9I5N9.1,,,P37093,VFG038432
P739,Q9I5N9.1,,,P37093,VFG010445
P740,Q9I5N9.1,,,P37093,VFG010444
P741,Q9I5N9.1,,,P37093,VFG010446
P742,Q9I5N9.1,,,P37093,VFG006902
P743,Q9I5N9.1,,,P37093,VFG038434
P744,Q9I5N9.1,,,P37093,VFG001880
P745,Q9I5N9.1,,,P37093,VFG038433
P746,Q9I5N9.1,,,P37093,VFG042934
P747,Q9I5N9.1,,,P37093,VFG050458
P748,Q9I5N9.1,,,P37093,VFG050455
P749,Q9I5N9.1,,,P37093,VFG050461
P750,Q9I5N9.1,,,P37093,VFG050457
P751,Q9I5N9.1,,,P37093,VFG050776
P752,Q9I5N9.1,,,P37093,VFG050456
P753,Q9I5N9.1,,,P37093,VFG050781
P754,Q9I5N9.1,,,P37093,VFG050778
P755,Q9I5N9.1,,,P37093,VFG050772
P756,Q9I5N9.1,,,P37093,VFG050770
P757,Q9I5N9.1,,,P37093,VFG042959
P758,Q9I5N9.1,,,P37093,VFG050773
P759,Q9I5N9.1,,,P37093,VFG050463
P760,Q9I5N9.1,,,P37093,VFG006907
P761,Q9I5N9.1,,,P37093,VFG006905
P762,Q9I5N9.1,,,P37093,VFG006906
P763,Q9I5N9.1,,,P37093,VFG045695
P764,Q9I5N9.1,,,P37093,VFG038590
P765,Q9I5N9.1,,,P37093,VFG038591
P766,Q9I5N9.1,,,P37093,VFG038589
P767,Q9I5N9.1,,,P37093,VFG013774
P768,Q9I5N9.1,,,P37093,VFG024850
P769,Q9I5N9.1,,,P37093,VFG013775
P770,Q9I5N9.1,,,P37093,VFG000112
P771,Q9I5N9.1,,,P37093,VFG019728
P772,Q9I5N9.1,,,P37093,VFG024848
P773,Q9I5N9.1,,,P37093,VFG024846
P774,Q9I5N9.1,,,P37093,VFG002426
P775,Q9I5N9.1,,,P37093,VFG024847
P776,Q9I5N9.1,,,P37093,VFG024843
P777,Q9I5N9.1,,,P37093,VFG006967
P778,Q9I5N9.1,,,P37093,VFG013778
P779,Q9I5N9.1,,,P37093,VFG013776
P780,Q9I5N9.1,,,P37093,VFG013777
P781,Q9I5N9.1,,,P37093,VFG006964
P782,Q9I5N9.1,,,P37093,VFG013779
P783,Q9I5N9.1,,,P37093,VFG013781
P784,Q9I5N9.1,,,P37093,VFG045991
P785,Q9I5N9.1,,,P37093,VFG042799
P786,Q9I5N9.1,,,P37093,VFG045983
P787,Q9I5N9.1,,,P37093,VFG042821
P788,Q9I5N9.1,,,P37093,VFG045974
P789,Q9I5N9.1,,,P37093,VFG045984
P790,Q9I5N9.1,,,P37093,VFG046000
P791,Q9I5N9.1,,,P37093,VFG045977
P792,Q9I5N9.1,,,P37093,VFG045995
P793,Q9I5N9.1,,,P37093,VFG045992
P794,Q9I5N9.1,,,P37093,VFG045987
P795,Q9I5N9.1,,,P37093,VFG045994
P796,Q9I5N9.1,,,P37093,VFG006965
P797,Q9I5N9.1,,,P37093,VFG024840
P798,Q9I5N9.1,,,P37093,VFG006962
P799,Q9I5U4.1,,,P19624,
P800,Q9I6J0.1,,,P31133,
P801,Q9I7C4.1,,,P0A988,
P802,O08430.2,,,P0AE22,
P803,P0A1B6.1,,,P0AB91,
P804,P0A1F9.1,,,P44801,
P805,P0A1H0.1,,,P03007,
P806,P0A264.1,,,Q9K597,VFG043568
P807,P0A264.1,,,P02931,VFG043568
P808,P0A298.2,,,P0A7J6,
P809,P0A2C8.1,,,P0AFK9,
P810,P0A2E4.1,,,Q18BX5,
P811,P0A2K2.2,,,P0A2K1,
P812,P0A7Z8.1,,,P0A7Z4,
P813,P19786.2,,,P0A6D3,
P814,P24670.2,,,P24670,
P815,P41406.2,,,P0AEJ4,
P816,P58643.1,,,P08244,
P817,P58678.1,,,P62623,
P818,P58715.1,,,P19624,
P819,P60216.1,,,P0AF14,
P820,P60216.1,,,P0AF12,
P821,P61352.1,,,P0A8X2,
P822,P63463.2,,,P63462,
P823,P63463.2,,,P41407,
P824,P64106.2,,,P0A6Q3,
P825,P64106.2,,,P0A6Q5,
P826,P65216.1,,,P0A716,VFG013466
P827,P65216.1,,,P0A716,VFG013465
P828,P65216.1,,,P0A716,VFG013470
P829,P65216.1,,,P0A716,VFG013179
P830,P65216.1,,,P0A716,VFG013468
P831,P65216.1,,,P0A716,VFG013467
P832,P65216.1,,,P0A716,VFG013469
P833,P65351.1,,,P0A733,
P834,P65455.1,,,P0A751,
P835,P65455.1,,,P0A749,
P836,P65455.1,,,P33038,
P837,P69737.1,,,P32169,
P838,Q56110.1,,,Q9K597,VFG043568
P839,Q56110.1,,,P02931,VFG043568
P840,Q56111.1,,,Q9K597,VFG043568
P841,Q56111.1,,,P02931,VFG043568
P842,Q56113.2,,,P02931,VFG043568
P843,Q56113.2,,,Q9K597,VFG043568
P844,Q56119.2,,,P02931,VFG043568
P845,Q56119.2,,,Q9K597,VFG043568
P846,Q8XGD7.1,,,P0ABA0,
P847,Q8XGW8.1,,,P75914,
P848,Q8XGZ9.1,,,P0AB74,
P849,Q8Z125.1,,,P13981,
P850,Q8Z1Q9.1,,,P0ABK9,
P851,Q8Z1X4.1,,,P0A7V8,
P852,Q8Z201.1,,,P25924,
P853,Q8Z214.1,,,P0A6Y5,
P854,Q8Z2C5.1,,,P37672,
P855,Q8Z2F0.2,,,Q9X519,
P856,Q8Z2H1.1,,,P0A6I8,
P857,Q8Z303.1,,,Q939D2,VFG009667
P858,Q8Z303.1,,,Q939D2,VFG024099
P859,Q8Z303.1,,,Q939D2,VFG009665
P860,Q8Z303.1,,,Q939D2,VFG009668
P861,Q8Z303.1,,,Q939D2,VFG001861
P862,Q8Z303.1,,,Q939D2,VFG026887
P863,Q8Z303.1,,,Q939D2,VFG009662
P864,Q8Z303.1,,,Q939D2,VFG009661
P865,Q8Z303.1,,,Q939D2,VFG001862
P866,Q8Z303.1,,,Q939D2,VFG024102
P867,Q8Z303.1,,,Q939D2,VFG024100
P868,Q8Z303.1,,,Q939D2,VFG026869
P869,Q8Z303.1,,,Q939D2,VFG022822
P870,Q8Z303.1,,,Q939D2,VFG009663
P871,Q8Z303.1,,,Q939D2,VFG009664
P872,Q8Z303.1,,,Q939D2,VFG026864
P873,Q8Z303.1,,,Q939D2,VFG022823
P874,Q8Z303.1,,,Q939D2,VFG026868
P875,Q8Z303.1,,,Q939D2,VFG026866
P876,Q8Z303.1,,,Q939D2,VFG026867
P877,Q8Z303.1,,,Q939D2,VFG009659
P878,Q8Z303.1,,,Q939D2,VFG001396
P879,Q8Z303.1,,,Q939D2,VFG017475
P880,Q8Z303.1,,,Q939D2,VFG026876
P881,Q8Z303.1,,,Q939D2,VFG009666
P882,Q8Z303.1,,,P9WIE5,VFG009667
P883,Q8Z303.1,,,P9WIE5,VFG024099
P884,Q8Z303.1,,,P9WIE5,VFG009665
P885,Q8Z303.1,,,P9WIE5,VFG009668
P886,Q8Z303.1,,,P9WIE5,VFG001861
P887,Q8Z303.1,,,P9WIE5,VFG026887
P888,Q8Z303.1,,,P9WIE5,VFG009662
P889,Q8Z303.1,,,P9WIE5,VFG009661
P890,Q8Z303.1,,,P9WIE5,VFG001862
P891,Q8Z303.1,,,P9WIE5,VFG024102
P892,Q8Z303.1,,,P9WIE5,VFG024100
P893,Q8Z303.1,,,P9WIE5,VFG026869
P894,Q8Z303.1,,,P9WIE5,VFG022822
P895,Q8Z303.1,,,P9WIE5,VFG009663
P896,Q8Z303.1,,,P9WIE5,VFG009664
P897,Q8Z303.1,,,P9WIE5,VFG026864
P898,Q8Z303.1,,,P9WIE5,VFG022823
P899,Q8Z303.1,,,P9WIE5,VFG026868
P900,Q8Z303.1,,,P9WIE5,VFG026866
P901,Q8Z303.1,,,P9WIE5,VFG026867
P902,Q8Z303.1,,,P9WIE5,VFG009659
P903,Q8Z303.1,,,P9WIE5,VFG001396
P904,Q8Z303.1,,,P9WIE5,VFG017475
P905,Q8Z303.1,,,P9WIE5,VFG026876
P906,Q8Z303.1,,,P9WIE5,VFG009666
P907,Q8Z307.1,,,P00864,
P908,Q8Z316.1,,,P08373,
P909,Q8Z318.1,,,P0A6I3,
P910,Q8Z3B6.3,,,Q9X112,
P911,Q8Z429.2,,,P69923,
P912,Q8Z459.3,,,P17846,
P913,Q8Z472.1,,,P62617,
P914,Q8Z472.1,,,P62619,
P915,Q8Z4I5.1,,,P0A876,
P916,Q8Z4I5.1,,,P43912,
P917,Q8Z4K6.2,,,P0A794,
P918,Q8Z4Y8.2,,,P10384,
P919,Q8Z5F6.1,,,P31224,VFG049139
P920,Q8Z5F6.1,,,P31224,VFG049146
P921,Q8Z5F6.1,,,P31224,VFG049136
P922,Q8Z5F6.1,,,P31224,VFG049144
P923,Q8Z5F6.1,,,P31224,VFG037718
P924,Q8Z5F6.1,,,P31224,VFG037726
P925,Q8Z5F6.1,,,P31224,VFG037720
P926,Q8Z5F6.1,,,P31224,VFG037724
P927,Q8Z5F6.1,,,P31224,VFG037729
P928,Q8Z5K1.1,,,P60757,
P929,Q8Z685.3,,,P0A8V6,
P930,Q8Z685.3,,,P0A8V9,
P931,Q8Z699.1,,,Q83LD8,
P932,Q8Z6A0.1,,,P61320,
P933,Q8Z6A0.1,,,P61322,
P934,Q8Z6G2.1,,,P76216,
P935,Q8Z6G6.1,,,P18843,
P936,Q8Z6G6.1,,,P08164,
P937,Q8Z6I9.1,,,P0AB91,VFG044185
P938,Q8Z6I9.1,,,P0AB91,VFG044426
P939,Q8Z7E0.1,,,P00929,
P940,Q8Z7H3.1,,,P0DM80,VFG004056
P941,Q8Z7H3.1,,,P0DM80,VFG000474
P942,Q8Z7H3.1,,,P0DM80,VFG021077
P943,Q8Z7H3.1,,,P0DM80,VFG018397
P944,Q8Z7H3.1,,,P23837,VFG004056
P945,Q8Z7H3.1,,,P23837,VFG000474
P946,Q8Z7H3.1,,,P23837,VFG021077
P947,Q8Z7H3.1,,,P23837,VFG018397
P948,Q8Z7J6.1,,,P0A6R0,
P949,Q8Z7L2.3,,,P05020,
P950,Q8Z7S0.1,,,P0A910,VFG043544
P951,Q8Z7S0.1,,,P0A910,VFG001443
P952,Q8Z800.3,,,P44490,VFG038845
P953,Q8Z800.3,,,P44490,VFG013236
P954,Q8Z800.3,,,P44490,VFG013237
P955,Q8Z800.3,,,P44490,VFG013238
P956,Q8Z800.3,,,P44490,VFG013239
P957,Q8Z800.3,,,P44490,VFG013147
P958,Q8Z800.3,,,P44490,VFG013241
P959,Q8Z800.3,,,P44490,VFG013240
P960,Q8Z803.1,,,P0A6I0,
P961,Q8Z893.1,,,P12996,VFG047505
P962,Q8Z893.1,,,P12996,VFG047507
P963,Q8Z893.1,,,P12996,VFG047512
P964,Q8Z893.1,,,P12996,VFG047517
P965,Q8Z893.1,,,P12996,VFG047510
P966,Q8Z893.1,,,P12996,VFG047506
P967,Q8Z893.1,,,P12996,VFG047514
P968,Q8Z893.1,,,P12996,VFG047521
P969,Q8Z8H7.1,,,P0A753,
P970,Q8Z8I4.1,,,P37001,
P971,Q8Z9A6.1,,,P45568,
P972,Q8Z9A8.1,,,P56220,
P973,Q8Z9D2.1,,,P31057,
P974,Q8Z9G5.1,,,P47205,VFG013414
P975,Q8Z9G5.1,,,P47205,VFG013412
P976,Q8Z9G5.1,,,P47205,VFG013415
P977,Q8Z9G5.1,,,P47205,VFG013413
P978,Q8Z9G5.1,,,P47205,VFG013417
P979,Q8Z9G5.1,,,P47205,VFG013170
P980,Q8Z9G5.1,,,P47205,VFG013416
P981,Q8Z9G5.1,,,P47205,VFG037822
P982,Q8Z9G5.1,,,P47205,VFG037831
P983,Q8Z9G8.1,,,P45066,
P984,Q8Z9G9.3,,,P17443,
P985,Q8Z9H0.3,,,P14900,
P986,Q8Z9H3.1,,,P22188,
P987,Q8Z9L9.1,,,P04036,
P988,Q9X6N0.1,,,P0AEG4,
P989,A0A0H2ZNL3.1,,,P0A751,
P990,A0A0H2ZNL3.1,,,P0A749,
P991,A0A0H2ZNL3.1,,,P33038,
P992,A0A0H2ZQ75.2,,,P0A3M6,
P993,A0A0H2ZQ75.2,,,P0A3M5,
P994,A0A0H2ZQ75.2,,,A0A0H2XJ39,
P995,B1I733.1,,,Q5HEB7,
P996,B1I7S7.1,,,P0A2K1,
P997,B1I891.1,,,Q9A1B7,
P998,B1I891.1,,,Q836J0,
P999,B1I8Q1.1,,,Q59560,
P1000,B1I8Q1.1,,,P62219,
P1001,B1I8Q1.1,,,P0A7G9,
P1002,B1I8Q1.1,,,P42443,
P1003,B1I9L1.1,,,Q820T1,
P1004,B1I9W8.1,,,P69923,
P1005,B1IAA7.1,,,Q9X112,
P1006,B1ICH2.1,,,Q9S400,
P1007,B1ICH5.1,,,P0A2Y7,
P1008,B1ICL9.1,,,P18843,
P1009,B1ICL9.1,,,P08164,
P1010,B1ICP9.1,,,C6KT50,
P1011,B5E5P6.1,,,P61432,
P1012,P0A4I9.1,,,Q18BX5,VFG026980
P1013,P0A4I9.1,,,Q18BX5,VFG026971
P1014,P0A4I9.1,,,Q18BX5,VFG022859
P1015,P0A4I9.1,,,Q18BX5,VFG024128
P1016,P0A4I9.1,,,Q18BX5,VFG026966
P1017,P0A4I9.1,,,Q18BX5,VFG024129
P1018,P0A4I9.1,,,Q18BX5,VFG009717
P1019,P0A4I9.1,,,Q18BX5,VFG026983
P1020,P0A4I9.1,,,Q18BX5,VFG026965
P1021,P0A4I9.1,,,Q18BX5,VFG009716
P1022,P0A4I9.1,,,Q18BX5,VFG026962
P1023,P0A4I9.1,,,Q18BX5,VFG001405
P1024,P0A4I9.1,,,Q18BX5,VFG026963
P1025,P0A4I9.1,,,Q18BX5,VFG022861
P1026,P0A4I9.1,,,Q18BX5,VFG009720
P1027,P0A4I9.1,,,Q18BX5,VFG009718
P1028,P0A4I9.1,,,Q18BX5,VFG009721
P1029,P0A4I9.1,,,Q18BX5,VFG026964
P1030,P0A4I9.1,,,Q18BX5,VFG009722
P1031,P0A4I9.1,,,Q18BX5,VFG026984
P1032,P0A4I9.1,,,Q18BX5,VFG022860
P1033,P0A4I9.1,,,Q18BX5,VFG009715
P1034,P0A4I9.1,,,Q18BX5,VFG026967
P1035,P0A4I9.1,,,Q18BX5,VFG026961
P1036,P0A4I9.1,,,Q18BX5,VFG022865
P1037,P0A4I9.1,,,Q18BX5,VFG009719
P1038,P0A4I9.1,,,Q18BX5,VFG026985
P1039,P0A4I9.1,,,Q18BX5,VFG022866
P1040,P0A4I9.1,,,Q18BX5,VFG009714
P1041,P0A4I9.1,,,Q18BX5,VFG026976
P1042,P14677.2,,,P14677,
P1043,P14677.2,,,P59676,
P1044,Q04707.2,,,Q04707,
P1045,Q04707.2,,,Q8DR59,
P1046,Q04KL8.1,,,P00864,
P1047,Q8DNE8.1,,,P33038,
P1048,Q8DNE8.1,,,P0A751,
P1049,Q8DNE8.1,,,P0A749,
P1050,P47471.1,,,Q9CBQ2,
P1051,P47496.1,,,Q837V6,VFG043491
P1052,P47496.1,,,P43813,VFG043491
P1053,P47669.2,,,Q9X519,
P1054,P0A448.1,,,P0A7G9,
P1055,P0A448.1,,,Q59560,
P1056,P0A448.1,,,P62219,
P1057,P0A448.1,,,P42443,
P1058,P0A4E5.1,,,P0A7Z4,
P1059,P0A4U8.1,,,P56220,
P1060,P12421.2,,,P0A6D3,
P1061,P41399.1,,,P44801,
P1062,Q7VSM2.1,,,Q9HTN2,
P1063,Q7VSZ3.1,,,P33038,
P1064,Q7VSZ3.1,,,P0A751,
P1065,Q7VSZ3.1,,,P0A749,
P1066,Q7VT27.1,,,P0ACC7,VFG047258
P1067,Q7VT27.1,,,P0ACC7,VFG047249
P1068,Q7VT27.1,,,P0ACC7,VFG047265
P1069,Q7VT27.1,,,P0ACC7,VFG047250
P1070,Q7VT27.1,,,P0ACC7,VFG047255
P1071,Q7VT27.1,,,P0ACC7,VFG047253
P1072,Q7VT27.1,,,P0ACC7,VFG047256
P1073,Q7VT27.1,,,P0ACC7,VFG047266
P1074,Q7VT27.1,,,P43889,VFG047258
P1075,Q7VT27.1,,,P43889,VFG047249
P1076,Q7VT27.1,,,P43889,VFG047265
P1077,Q7VT27.1,,,P43889,VFG047250
P1078,Q7VT27.1,,,P43889,VFG047255
P1079,Q7VT27.1,,,P43889,VFG047253
P1080,Q7VT27.1,,,P43889,VFG047256
P1081,Q7VT27.1,,,P43889,VFG047266
P1082,Q7VT27.1,,,Q97R46,VFG047258
P1083,Q7VT27.1,,,Q97R46,VFG047249
P1084,Q7VT27.1,,,Q97R46,VFG047265
P1085,Q7VT27.1,,,Q97R46,VFG047250
P1086,Q7VT27.1,,,Q97R46,VFG047255
P1087,Q7VT27.1,,,Q97R46,VFG047253
P1088,Q7VT27.1,,,Q97R46,VFG047256
P1089,Q7VT27.1,,,Q97R46,VFG047266
P1090,Q7VT71.1,,,P37330,VFG043448
P1091,Q7VT71.1,,,P9WK17,VFG043448
P1092,Q7VTC7.1,,,P0A7V3,
P1093,Q7VTF1.1,,,P0A2K1,
P1094,Q7VUD3.1,,,P18314,VFG006476
P1095,Q7VUD3.1,,,P18314,VFG006475
P1096,Q7VUD3.1,,,P18314,VFG019522
P1097,Q7VUD3.1,,,P18314,VFG019520
P1098,Q7VUD3.1,,,P18314,VFG000270
P1099,Q7VUD3.1,,,P18314,VFG006474
P1100,Q7VUD3.1,,,P41020,VFG006476
P1101,Q7VUD3.1,,,P41020,VFG006475
P1102,Q7VUD3.1,,,P41020,VFG019522
P1103,Q7VUD3.1,,,P41020,VFG019520
P1104,Q7VUD3.1,,,P41020,VFG000270
P1105,Q7VUD3.1,,,P41020,VFG006474
P1106,Q7VUD3.1,,,Q8KT33,VFG006476
P1107,Q7VUD3.1,,,Q8KT33,VFG006475
P1108,Q7VUD3.1,,,Q8KT33,VFG019522
P1109,Q7VUD3.1,,,Q8KT33,VFG019520
P1110,Q7VUD3.1,,,Q8KT33,VFG000270
P1111,Q7VUD3.1,,,Q8KT33,VFG006474
P1112,Q7VUQ3.1,,,P17443,
P1113,Q7VUQ4.1,,,P45066,
P1114,Q7VUQ9.1,,,P47205,VFG013170
P1115,Q7VUQ9.1,,,P47205,VFG013417
P1116,Q7VUQ9.1,,,P47205,VFG013412
P1117,Q7VUQ9.1,,,P47205,VFG013413
P1118,Q7VUQ9.1,,,P47205,VFG013415
P1119,Q7VUQ9.1,,,P47205,VFG013414
P1120,Q7VVF1.2,,,P12996,VFG047507
P1121,Q7VVF1.2,,,P12996,VFG047505
P1122,Q7VVF1.2,,,P12996,VFG047512
P1123,Q7VVF1.2,,,P12996,VFG047517
P1124,Q7VVF1.2,,,P12996,VFG047514
P1125,Q7VVF1.2,,,P12996,VFG047510
P1126,Q7VVF1.2,,,P12996,VFG047506
P1127,Q7VVF1.2,,,P12996,VFG047521
P1128,Q7VVU3.1,,,Q9X112,
P1129,Q7VW29.1,,,P0A6R0,
P1130,Q7VYC4.1,,,P45568,
P1131,Q7VYS2.1,,,P62623,
P1132,Q7VZ77.1,,,P25924,
P1133,Q7W0D0.1,,,P00864,
P1134,Q180E9.1,,,,VFG005556
P1135,Q180E9.1,,,,VFG005554
P1136,Q180E9.1,,,,VFG005548
P1137,Q180E9.1,,,,VFG005546
P1138,Q180E9.1,,,,VFG005543
P1139,Q180E9.1,,,,VFG005534
P1140,Q180E9.1,,,,VFG005553
P1141,Q180E9.1,,,,VFG005544
P1142,Q180E9.1,,,,VFG005547
P1143,Q180E9.1,,,,VFG005536
P1144,Q183M9.1,,,,VFG023552
P1145,Q183M9.1,,,,VFG009161
P1146,Q183M9.1,,,,VFG023546
P1147,Q183M9.1,,,,VFG009226
P1148,Q183M9.1,,,,VFG009165
P1149,Q183M9.1,,,,VFG009231
P1150,Q183M9.1,,,,VFG009230
P1151,Q183M9.1,,,,VFG009172
P1152,Q183M9.1,,,,VFG009170
P1153,Q183M9.1,,,,VFG009115
P1154,Q183M9.1,,,,VFG009116
P1155,Q183M9.1,,,,VFG009162
P1156,Q183M9.1,,,,VFG023548
P1157,Q183M9.1,,,,VFG009219
P1158,Q183M9.1,,,,VFG009119
P1159,Q183M9.1,,,,VFG009118
P1160,Q183M9.1,,,,VFG009164
P1161,Q183M9.1,,,,VFG009229
P1162,Q183M9.1,,,,VFG009163
P1163,Q183M9.1,,,,VFG024681
P1164,Q183M9.1,,,,VFG009225
P1165,Q183M9.1,,,,VFG009227
P1166,Q183M9.1,,,,VFG009166
P1167,Q183M9.1,,,,VFG023545
P1168,Q183M9.1,,,,VFG009228
P1169,Q183M9.1,,,,VFG009175
P1170,Q183M9.1,,,,VFG024682
P1171,Q183M9.1,,,,VFG009117
P1172,Q183M9.1,,,,VFG024684
P1173,B4RKY2.1,,,,VFG009230
P1174,B4RKY2.1,,,,VFG009165
P1175,B4RKY2.1,,,,VFG009164
P1176,B4RKY2.1,,,,VFG009228
P1177,B4RKY2.1,,,,VFG009115
P1178,B4RKY2.1,,,,VFG009226
P1179,B4RKY2.1,,,,VFG009172
P1180,B4RKY2.1,,,,VFG009116
P1181,B4RKY2.1,,,,VFG023548
P1182,B4RKY2.1,,,,VFG009162
P1183,B4RKY2.1,,,,VFG009229
P1184,B4RKY2.1,,,,VFG009231
P1185,B4RKY2.1,,,,VFG023552
P1186,B4RKY2.1,,,,VFG009170
P1187,B4RKY2.1,,,,VFG009219
P1188,B4RKY2.1,,,,VFG009163
P1189,P05430.1,,,,VFG036502
P1190,P05430.1,,,,VFG018794
P1191,P05430.1,,,,VFG006240
P1192,P05430.1,,,,VFG000250
P1193,P05430.1,,,,VFG036510
P1194,P05430.1,,,,VFG036505
P1195,P05430.1,,,,VFG036507
P1196,P05430.1,,,,VFG036504
P1197,P05430.1,,,,VFG036508
P1198,P05430.1,,,,VFG036513
P1199,P05430.1,,,,VFG019709
P1200,P05430.1,,,,VFG006243
P1201,P05430.1,,,,VFG006242
P1202,P05430.1,,,,VFG036506
P1203,P05430.1,,,,VFG036503
P1204,P17259.1,,,,VFG006251
P1205,P17259.1,,,,VFG006250
P1206,P17259.1,,,,VFG001205
P1207,P17259.1,,,,VFG006248
P1208,P17259.1,,,,VFG036535
P1209,P17259.1,,,,VFG013563
P1210,P17259.1,,,,VFG013564
P1211,Q01996.1,,,,VFG006279
P1212,Q01996.1,,,,VFG019719
P1213,Q01996.1,,,,VFG000262
P1214,Q01996.1,,,,VFG036605
P1215,Q01996.1,,,,VFG036608
P1216,Q01996.1,,,,VFG036606
P1217,Q01996.1,,,,VFG036602
P1218,Q01996.1,,,,VFG036603
P1219,Q01996.1,,,,VFG036601
P1220,Q01996.1,,,,VFG036610
P1221,Q01996.1,,,,VFG018802
P1222,Q01996.1,,,,VFG036604
P1223,Q01996.1,,,,VFG036612
P1224,Q01996.1,,,,VFG036609
P1225,Q01996.1,,,,VFG036607
P1226,Q01996.1,,,,VFG006276
P1227,Q01996.1,,,,VFG006278
P1228,Q01996.1,,,,VFG013575
P1229,Q01996.1,,,,VFG013576
P1230,Q01996.1,,,,VFG000338
P1231,Q01996.1,,,,VFG013193
P1232,Q01996.1,,,,VFG013577
P1233,Q01996.1,,,,VFG036585
P1234,Q01996.1,,,,VFG036582
P1235,Q01996.1,,,,VFG044278
P1236,Q01996.1,,,,VFG036589
P1237,Q01996.1,,,,VFG036584
P1238,Q01996.1,,,,VFG036579
P1239,Q01996.1,,,,VFG000264
P1240,Q01996.1,,,,VFG036578
P1241,Q01996.1,,,,VFG006270
P1242,Q01996.1,,,,VFG018800
P1243,Q01996.1,,,,VFG036586
P1244,Q01996.1,,,,VFG036580
P1245,Q01996.1,,,,VFG019717
P1246,Q01996.1,,,,VFG036583
P1247,Q01996.1,,,,VFG036581
P1248,Q01996.1,,,,VFG006272
P1249,Q01996.1,,,,VFG044344
P1250,Q5F5Y6.1,,,,VFG013166
P1251,Q5F5Y6.1,,,,VFG013389
P1252,Q5F8B4.1,,,,VFG026700
P1253,Q5FAJ0.1,,,,VFG042931
P1254,Q9RQ29.1,,,,VFG036960
P1255,Q9RQ29.1,,,,VFG036957
P1256,Q9RQ29.1,,,,VFG036972
P1257,Q9RQ29.1,,,,VFG036966
P1258,Q9RQ29.1,,,,VFG036963
P1259,Q9RQ29.1,,,,VFG036956
P1260,Q9RQ29.1,,,,VFG036958
P1261,Q9RQ29.1,,,,VFG036955
P1262,Q9RQ29.1,,,,VFG036964
P1263,Q9RQ29.1,,,,VFG036962
P1264,Q9RQ29.1,,,,VFG036959
P1265,Q9RQ29.1,,,,VFG036965
P1266,A0A0H2ZGR9.1,,,,VFG042736
P1267,A0A0H2ZGR9.1,,,,VFG043318
P1268,A6V1E2.1,,,,VFG013165
P1269,A6V1E2.1,,,,VFG013379
P1270,A6V1E2.1,,,,VFG013377
P1271,A6V1E2.1,,,,VFG013375
P1272,A6V1E2.1,,,,VFG013378
P1273,A6V1E2.1,,,,VFG013374
P1274,A6V1E2.1,,,,VFG013376
P1275,A6V1E5.1,,,,VFG013384
P1276,A6V1E5.1,,,,VFG013386
P1277,A6V1E5.1,,,,VFG013385
P1278,A6V1E5.1,,,,VFG013387
P1279,A6V1E5.1,,,,VFG013388
P1280,A6V1E5.1,,,,VFG013166
P1281,A6V1E5.1,,,,VFG013389
P1282,A6V3E8.1,,,,VFG039278
P1283,A6V3E8.1,,,,VFG039282
P1284,A6V3E8.1,,,,VFG039280
P1285,A6VB75.1,,,,VFG009165
P1286,A6VB75.1,,,,VFG009230
P1287,A6VB75.1,,,,VFG023546
P1288,A6VB75.1,,,,VFG009115
P1289,A6VB75.1,,,,VFG009172
P1290,A6VB75.1,,,,VFG009116
P1291,A6VB75.1,,,,VFG023548
P1292,A6VB75.1,,,,VFG009162
P1293,A6VB75.1,,,,VFG009226
P1294,A6VB75.1,,,,VFG009170
P1295,A6VB75.1,,,,VFG009219
P1296,A6VB75.1,,,,VFG009164
P1297,A6VB75.1,,,,VFG009163
P1298,A6VB75.1,,,,VFG009231
P1299,A6VB75.1,,,,VFG024681
P1300,A6VB75.1,,,,VFG009161
P1301,A6VB75.1,,,,VFG009119
P1302,A6VB75.1,,,,VFG023552
P1303,A6VB75.1,,,,VFG009118
P1304,A6VB75.1,,,,VFG009229
P1305,A6VB75.1,,,,VFG009227
P1306,A6VB75.1,,,,VFG009117
P1307,A6VB75.1,,,,VFG024684
P1308,A6VB75.1,,,,VFG024682
P1309,A6VB75.1,,,,VFG009166
P1310,A6VB75.1,,,,VFG023545
P1311,A6VB75.1,,,,VFG009225
P1312,A6VB75.1,,,,VFG009228
P1313,A6VB75.1,,,,VFG009175
P1314,A6VC62.1,,,,VFG013607
P1315,A6VC62.1,,,,VFG013196
P1316,G3XCX3.1,,,,VFG001224
P1317,G3XCX3.1,,,,VFG013910
P1318,G3XCX3.1,,,,VFG013911
P1319,G3XCX3.1,,,,VFG013916
P1320,G3XCX3.1,,,,VFG013917
P1321,G3XCX3.1,,,,VFG050400
P1322,G3XCX3.1,,,,VFG050398
P1323,G3XCX3.1,,,,VFG050404
P1324,G3XCX3.1,,,,VFG050401
P1325,G3XCX3.1,,,,VFG042946
P1326,G3XCX3.1,,,,VFG038470
P1327,G3XCX3.1,,,,VFG038469
P1328,G3XCX3.1,,,,VFG038468
P1329,G3XCX3.1,,,,VFG038467
P1330,G3XCX3.1,,,,VFG036415
P1331,G3XCX3.1,,,,VFG018785
P1332,G3XCX3.1,,,,VFG006198
P1333,G3XCX3.1,,,,VFG006200
P1334,G3XCX3.1,,,,VFG006201
P1335,G3XCX3.1,,,,VFG042880
P1336,G3XCX3.1,,,,VFG006199
P1337,G3XCX3.1,,,,VFG036405
P1338,G3XCX3.1,,,,VFG036412
P1339,G3XCX3.1,,,,VFG036404
P1340,G3XCX3.1,,,,VFG013913
P1341,G3XCX3.1,,,,VFG013912
P1342,G3XCX3.1,,,,VFG013914
P1343,G3XCX3.1,,,,VFG038472
P1344,G3XCX3.1,,,,VFG013915
P1345,G3XCX3.1,,,,VFG038474
P1346,G3XCX3.1,,,,VFG038473
P1347,G3XCX3.1,,,,VFG019700
P1348,G3XCX3.1,,,,VFG006205
P1349,G3XCX3.1,,,,VFG036427
P1350,G3XCX3.1,,,,VFG036421
P1351,G3XCX3.1,,,,VFG006203
P1352,G3XCX3.1,,,,VFG018786
P1353,G3XCX3.1,,,,VFG006202
P1354,G3XD01.1,,,,VFG014102
P1355,G3XD01.1,,,,VFG037928
P1356,G3XD23.1,,,,VFG014100
P1357,G3XD23.1,,,,VFG037913
P1358,G3XD61.1,,,,VFG014110
P1359,G3XD61.1,,,,VFG011164
P1360,G3XD61.1,,,,VFG011165
P1361,G3XD61.1,,,,VFG000035
P1362,P07874.3,,,,VFG000133
P1363,P07874.3,,,,VFG014881
P1364,P07874.3,,,,VFG014886
P1365,P07874.3,,,,VFG015758
P1366,P07874.3,,,,VFG014888
P1367,P07874.3,,,,VFG015759
P1368,P07874.3,,,,VFG014885
P1369,P07874.3,,,,VFG014884
P1370,P07874.3,,,,VFG014889
P1371,P07874.3,,,,VFG014883
P1372,P07874.3,,,,VFG014891
P1373,P07874.3,,,,VFG014890
P1374,P07874.3,,,,VFG014892
P1375,P07874.3,,,,VFG019906
P1376,P07874.3,,,,VFG019020
P1377,P07874.3,,,,VFG023783
P1378,P07874.3,,,,VFG002692
P1379,P07874.3,,,,VFG017348
P1380,P07874.3,,,,VFG002363
P1381,P07874.3,,,,VFG048952
P1382,P07874.3,,,,VFG048817
P1383,P07874.3,,,,VFG049031
P1384,P07874.3,,,,VFG049024
P1385,P07874.3,,,,VFG048977
P1386,P07874.3,,,,VFG048819
P1387,P07874.3,,,,VFG026302
P1388,P07874.3,,,,VFG026293
P1389,P07874.3,,,,VFG026292
P1390,P07874.3,,,,VFG026291
P1391,P07874.3,,,,VFG026298
P1392,P07874.3,,,,VFG026294
P1393,P07874.3,,,,VFG002569
P1394,P07874.3,,,,VFG011461
P1395,P07874.3,,,,VFG002222
P1396,P07874.3,,,,VFG019210
P1397,P07874.3,,,,VFG047011
P1398,P07874.3,,,,VFG047001
P1399,P07874.3,,,,VFG047007
P1400,P07874.3,,,,VFG047002
P1401,P07874.3,,,,VFG011531
P1402,P07874.3,,,,VFG011529
P1403,P07874.3,,,,VFG046999
P1404,P07874.3,,,,VFG011528
P1405,P07874.3,,,,VFG047006
P1406,P07874.3,,,,VFG019238
P1407,P07874.3,,,,VFG011532
P1408,P07874.3,,,,VFG047008
P1409,P07874.3,,,,VFG047004
P1410,P07874.3,,,,VFG047000
P1411,P07874.3,,,,VFG047016
P1412,P07874.3,,,,VFG000315
P1413,P07874.3,,,,VFG047015
P1414,P0DP44.1,,,,VFG042931
P1415,P20580.1,,,,VFG026700
P1416,P26275.1,,,,VFG000119
P1417,P26275.1,,,,VFG014964
P1418,P26275.1,,,,VFG014974
P1419,P26275.1,,,,VFG014968
P1420,P26275.1,,,,VFG014967
P1421,P26275.1,,,,VFG014975
P1422,P26275.1,,,,VFG014966
P1423,P26275.1,,,,VFG014972
P1424,P26275.1,,,,VFG014973
P1425,P26275.1,,,,VFG019919
P1426,P26275.1,,,,VFG014970
P1427,P26275.1,,,,VFG015770
P1428,P26275.1,,,,VFG014971
P1429,P26275.1,,,,VFG014969
P1430,P26275.1,,,,VFG015771
P1431,P38107.1,,,,VFG000134
P1432,P38107.1,,,,VFG014920
P1433,P42257.1,,,,VFG001228
P1434,P42257.1,,,,VFG014044
P1435,P42257.1,,,,VFG014043
P1436,P42257.1,,,,VFG014053
P1437,P42257.1,,,,VFG014054
P1438,P42257.1,,,,VFG014052
P1439,P42257.1,,,,VFG014051
P1440,P42257.1,,,,VFG014050
P1441,P42257.1,,,,VFG019769
P1442,P42257.1,,,,VFG014047
P1443,P42257.1,,,,VFG014046
P1444,P42257.1,,,,VFG015639
P1445,P42257.1,,,,VFG014045
P1446,P42257.1,,,,VFG014048
P1447,P42257.1,,,,VFG014049
P1448,P42257.1,,,,VFG015638
P1449,P42257.1,,,,VFG050680
P1450,P42257.1,,,,VFG050670
P1451,P42257.1,,,,VFG050674
P1452,P42257.1,,,,VFG050679
P1453,P42257.1,,,,VFG050671
P1454,P42257.1,,,,VFG042944
P1455,P42257.1,,,,VFG042927
P1456,P52477.1,,,,VFG049125
P1457,P52477.1,,,,VFG049133
P1458,P52477.1,,,,VFG049135
P1459,P52477.1,,,,VFG049129
P1460,P52477.1,,,,VFG049128
P1461,P72138.2,,,,VFG014106
P1462,P72139.1,,,,VFG014107
P1463,Q00513.1,,,,VFG000181
P1464,Q00513.1,,,,VFG007091
P1465,Q00513.1,,,,VFG007095
P1466,Q00513.1,,,,VFG038281
P1467,Q00513.1,,,,VFG038283
P1468,Q00513.1,,,,VFG038280
P1469,Q00513.1,,,,VFG007092
P1470,Q00513.1,,,,VFG038282
P1471,Q00513.1,,,,VFG040913
P1472,Q00513.1,,,,VFG007093
P1473,Q00513.1,,,,VFG040934
P1474,Q00513.1,,,,VFG050785
P1475,Q00513.1,,,,VFG050787
P1476,Q00513.1,,,,VFG050796
P1477,Q00513.1,,,,VFG050793
P1478,Q00513.1,,,,VFG040962
P1479,Q00513.1,,,,VFG010816
P1480,Q00513.1,,,,VFG040921
P1481,Q00513.1,,,,VFG010815
P1482,Q00513.1,,,,VFG001870
P1483,Q00513.1,,,,VFG010817
P1484,Q00513.1,,,,VFG040953
P1485,Q00513.1,,,,VFG012900
P1486,Q00513.1,,,,VFG020154
P1487,Q00513.1,,,,VFG040984
P1488,Q00513.1,,,,VFG002049
P1489,Q00513.1,,,,VFG045757
P1490,Q00513.1,,,,VFG040879
P1491,Q06198.1,,,,VFG000121
P1492,Q06198.1,,,,VFG014918
P1493,Q06198.1,,,,VFG014916
P1494,Q06198.1,,,,VFG014915
P1495,Q06198.1,,,,VFG014917
P1496,Q06198.1,,,,VFG014914
P1497,Q06198.1,,,,VFG014912
P1498,Q06198.1,,,,VFG014910
P1499,Q06198.1,,,,VFG014909
P1500,Q51397.2,,,,VFG037013
P1501,Q51397.2,,,,VFG037012
P1502,Q51397.2,,,,VFG037018
P1503,Q51397.2,,,,VFG037010
P1504,Q51397.2,,,,VFG037021
P1505,Q51397.2,,,,VFG037016
P1506,Q51397.2,,,,VFG037026
P1507,Q51397.2,,,,VFG037023
P1508,Q51397.2,,,,VFG037014
P1509,Q51397.2,,,,VFG037011
P1510,Q51397.2,,,,VFG037017
P1511,Q51397.2,,,,VFG037009
P1512,Q51397.2,,,,VFG034671
P1513,Q51397.2,,,,VFG034657
P1514,Q51397.2,,,,VFG034679
P1515,Q51397.2,,,,VFG034654
P1516,Q51397.2,,,,VFG034652
P1517,Q51397.2,,,,VFG034651
P1518,Q51397.2,,,,VFG034684
P1519,Q51487.2,,,,VFG037014
P1520,Q51487.2,,,,VFG037010
P1521,Q51487.2,,,,VFG037011
P1522,Q51487.2,,,,VFG037021
P1523,Q51487.2,,,,VFG037012
P1524,Q51487.2,,,,VFG037013
P1525,Q51487.2,,,,VFG037017
P1526,Q51487.2,,,,VFG037018
P1527,Q51487.2,,,,VFG037026
P1528,Q51487.2,,,,VFG037009
P1529,Q51487.2,,,,VFG037023
P1530,Q51487.2,,,,VFG034671
P1531,Q51487.2,,,,VFG037016
P1532,Q51487.2,,,,VFG034657
P1533,Q51487.2,,,,VFG034651
P1534,Q51487.2,,,,VFG034684
P1535,Q51487.2,,,,VFG034654
P1536,Q51487.2,,,,VFG034679
P1537,Q51487.2,,,,VFG034652
P1538,Q51487.2,,,,VFG034663
P1539,Q51487.2,,,,VFG034674
P1540,Q51487.2,,,,VFG001441
P1541,Q51487.2,,,,VFG034665
P1542,Q51487.2,,,,VFG034664
P1543,Q51487.2,,,,VFG034677
P1544,Q51487.2,,,,VFG034678
P1545,Q51487.2,,,,VFG034670
P1546,Q51487.2,,,,VFG034675
P1547,Q9HUF7.1,,,,VFG000140
P1548,Q9HXY3.1,,,,VFG015000
P1549,Q9HXY3.1,,,,VFG019924
P1550,Q9HXY3.1,,,,VFG015002
P1551,Q9HXY3.1,,,,VFG015001
P1552,Q9HXY3.1,,,,VFG015010
P1553,Q9HXY3.1,,,,VFG019925
P1554,Q9HXY3.1,,,,VFG015008
P1555,Q9HXY3.1,,,,VFG015007
P1556,Q9HXY3.1,,,,VFG015775
P1557,Q9HXY3.1,,,,VFG015006
P1558,Q9HXY3.1,,,,VFG015774
P1559,Q9HXY3.1,,,,VFG015009
P1560,Q9HXY3.1,,,,VFG015003
P1561,Q9HXY3.1,,,,VFG015012
P1562,Q9HXY3.1,,,,VFG015004
P1563,Q9HXY3.1,,,,VFG015005
P1564,Q9HXY3.1,,,,VFG015011
P1565,Q9HZ76.1,,,,VFG014103
P1566,Q9HZ76.1,,,,VFG037943
P1567,Q9HZ76.1,,,,VFG011167
P1568,Q9HZ76.1,,,,VFG000036
P1569,Q9HZ76.1,,,,VFG011169
P1570,Q9I0F3.1,,,,VFG041011
P1571,Q9I0F3.1,,,,VFG051804
P1572,Q9I0F3.1,,,,VFG015501
P1573,Q9I0F3.1,,,,VFG020020
P1574,Q9I0F3.1,,,,VFG002077
P1575,Q9I0F3.1,,,,VFG051809
P1576,Q9I0F3.1,,,,VFG015500
P1577,Q9I0F3.1,,,,VFG015502
P1578,Q9I0F3.1,,,,VFG020021
P1579,Q9I0F3.1,,,,VFG041186
P1580,Q9I0F3.1,,,,VFG051916
P1581,Q9I0F3.1,,,,VFG051918
P1582,Q9I0F3.1,,,,VFG015807
P1583,Q9I0F3.1,,,,VFG051919
P1584,Q9I0F3.1,,,,VFG041113
P1585,Q9I0F3.1,,,,VFG051656
P1586,Q9I0F3.1,,,,VFG041196
P1587,Q9I0F3.1,,,,VFG051659
P1588,Q9I0F3.1,,,,VFG051660
P1589,Q9I0F3.1,,,,VFG041045
P1590,Q9I0F3.1,,,,VFG051921
P1591,Q9I0F3.1,,,,VFG051933
P1592,Q9I0F3.1,,,,VFG041173
P1593,Q9I0F3.1,,,,VFG041223
P1594,Q9I0F3.1,,,,VFG051657
P1595,Q9I0F3.1,,,,VFG051934
P1596,Q9I0F3.1,,,,VFG051494
P1597,Q9I0F3.1,,,,VFG051935
P1598,Q9I0F3.1,,,,VFG038407
P1599,Q9I0F3.1,,,,VFG038372
P1600,Q9I0F3.1,,,,VFG049916
P1601,Q9I0F3.1,,,,VFG035843
P1602,Q9I0F3.1,,,,VFG041051
P1603,Q9I0F3.1,,,,VFG038367
P1604,Q9I0F3.1,,,,VFG035838
P1605,Q9I0F3.1,,,,VFG035834
P1606,Q9I0F3.1,,,,VFG035850
P1607,Q9I0F3.1,,,,VFG038371
P1608,Q9I0F3.1,,,,VFG035845
P1609,Q9I0F3.1,,,,VFG038368
P1610,Q9I0F3.1,,,,VFG035849
P1611,Q9I0F3.1,,,,VFG035846
P1612,Q9I0F3.1,,,,VFG035833
P1613,Q9I0F4.1,,,,VFG051484
P1614,Q9I0F4.1,,,,VFG051833
P1615,Q9I0F4.1,,,,VFG051830
P1616,Q9I0F4.1,,,,VFG051831
P1617,Q9I310.1,,,,VFG049933
P1618,Q9I310.1,,,,VFG049934
P1619,Q9I3N2.1,,,,VFG045720
P1620,Q9I3N2.1,,,,VFG010885
P1621,Q9I3N2.1,,,,VFG010882
P1622,Q9I3N2.1,,,,VFG010884
P1623,Q9I6V9.1,,,,VFG043207
P1624,Q9I6V9.1,,,,VFG043090
P1625,Q9I6V9.1,,,,VFG043038
P1626,Q9I6V9.1,,,,VFG025849
P1627,Q9I6V9.1,,,,VFG002526
P1628,Q9I6V9.1,,,,VFG025837
P1629,Q9I6V9.1,,,,VFG025839
P1630,Q9I737.1,,,,VFG041011
P1631,Q9I737.1,,,,VFG051804
P1632,Q9I737.1,,,,VFG051809
P1633,Q9I737.1,,,,VFG015501
P1634,Q9I737.1,,,,VFG015500
P1635,Q9I737.1,,,,VFG020020
P1636,Q9I737.1,,,,VFG002077
P1637,Q9I737.1,,,,VFG020021
P1638,Q9I737.1,,,,VFG015502
P1639,Q9I737.1,,,,VFG041186
P1640,Q9I737.1,,,,VFG051656
P1641,Q9I737.1,,,,VFG051659
P1642,Q9I737.1,,,,VFG041045
P1643,Q9I737.1,,,,VFG051660
P1644,Q9I737.1,,,,VFG041113
P1645,Q9I737.1,,,,VFG051918
P1646,Q9I737.1,,,,VFG015807
P1647,Q9I737.1,,,,VFG051657
P1648,Q9I737.1,,,,VFG051916
P1649,Q9I737.1,,,,VFG051919
P1650,Q9I737.1,,,,VFG051933
P1651,Q9I737.1,,,,VFG051934
P1652,Q9I737.1,,,,VFG051921
P1653,Q9I737.1,,,,VFG041173
P1654,Q9I737.1,,,,VFG041196
P1655,Q9I737.1,,,,VFG049916
P1656,Q9I737.1,,,,VFG041051
P1657,Q9I737.1,,,,VFG051935
P1658,Q9I737.1,,,,VFG041223
P1659,Q9I737.1,,,,VFG051494
P1660,Q9I737.1,,,,VFG035843
P1661,Q9I737.1,,,,VFG035838
P1662,Q9I737.1,,,,VFG035844
P1663,Q9I737.1,,,,VFG035834
P1664,Q9I737.1,,,,VFG035850
P1665,Q9I737.1,,,,VFG035845
P1666,Q9I737.1,,,,VFG035833
P1667,Q9I737.1,,,,VFG035849
P1668,Q9I737.1,,,,VFG035846
P1669,Q9I737.1,,,,VFG041079
P1670,Q9I737.1,,,,VFG007142
P1671,Q9I737.1,,,,VFG038372
P1672,Q9I737.1,,,,VFG038407
P1673,Q9I737.1,,,,VFG038371
P1674,Q9I737.1,,,,VFG038367
P1675,Q9I737.1,,,,VFG007143
P1676,Q9I737.1,,,,VFG038368
P1677,Q9I741.1,,,,VFG002077
P1678,Q9I741.1,,,,VFG020020
P1679,Q9I741.1,,,,VFG015501
P1680,Q9I741.1,,,,VFG015500
P1681,Q9I741.1,,,,VFG041011
P1682,Q9I741.1,,,,VFG051804
P1683,Q9I741.1,,,,VFG020021
P1684,Q9I741.1,,,,VFG015502
P1685,Q9I741.1,,,,VFG051809
P1686,Q9I741.1,,,,VFG041186
P1687,Q9I741.1,,,,VFG041113
P1688,Q9I741.1,,,,VFG015807
P1689,Q9I741.1,,,,VFG051916
P1690,Q9I741.1,,,,VFG051918
P1691,Q9I741.1,,,,VFG051656
P1692,Q9I741.1,,,,VFG051659
P1693,Q9I741.1,,,,VFG041196
P1694,Q9I741.1,,,,VFG051919
P1695,Q9I741.1,,,,VFG051660
P1696,Q9I741.1,,,,VFG041045
P1697,Q9I741.1,,,,VFG051921
P1698,Q9I741.1,,,,VFG051657
P1699,Q9I741.1,,,,VFG051494
P1700,Q9I741.1,,,,VFG038407
P1701,Q9I741.1,,,,VFG038372
P1702,Q9I741.1,,,,VFG041079
P1703,Q9I741.1,,,,VFG038367
P1704,Q9I741.1,,,,VFG038371
P1705,Q9I741.1,,,,VFG051933
P1706,Q9I741.1,,,,VFG038368
P1707,Q9I744.1,,,,VFG002074
P1708,Q9I744.1,,,,VFG015474
P1709,Q9I744.1,,,,VFG015473
P1710,Q9I744.1,,,,VFG015480
P1711,Q9I744.1,,,,VFG015479
P1712,Q9I744.1,,,,VFG020015
P1713,Q9I744.1,,,,VFG041206
P1714,Q9I744.1,,,,VFG041092
P1715,Q9I744.1,,,,VFG041183
P1716,Q9I748.1,,,,VFG002070
P1717,Q9I748.1,,,,VFG020007
P1718,Q9I748.1,,,,VFG015447
P1719,Q9I748.1,,,,VFG020008
P1720,Q9I748.1,,,,VFG015450
P1721,Q9I748.1,,,,VFG015449
P1722,Q9I748.1,,,,VFG041203
P1723,Q9I748.1,,,,VFG041098
P1724,Q9I748.1,,,,VFG041073
P1725,Q9I748.1,,,,VFG041179
P1726,Q9I748.1,,,,VFG051905
P1727,Q9I748.1,,,,VFG051907
P1728,Q9I748.1,,,,VFG051904
P1729,Q9I748.1,,,,VFG041217
P1730,Q9I748.1,,,,VFG051908
P1731,Q9I748.1,,,,VFG041147
P1732,Q9I748.1,,,,VFG051078
P1733,Q9I748.1,,,,VFG051070
P1734,Q9I748.1,,,,VFG041063
P1735,Q9I748.1,,,,VFG035359
P1736,Q9I748.1,,,,VFG051071
P1737,Q9I748.1,,,,VFG051630
P1738,Q9I748.1,,,,VFG051629
P1739,Q9I748.1,,,,VFG041038
P1740,Q9I748.1,,,,VFG025249
P1741,Q9I748.1,,,,VFG048638
P1742,Q9I748.1,,,,VFG048643
P1743,Q9I748.1,,,,VFG048642
P1744,Q9I748.1,,,,VFG048641
P1745,Q9I748.1,,,,VFG035103
P1746,Q9I748.1,,,,VFG035119
P1747,Q9I748.1,,,,VFG048639
P1748,Q9I748.1,,,,VFG002475
P1749,Q9I748.1,,,,VFG048645
P1750,Q9I748.1,,,,VFG035102
P1751,Q9I748.1,,,,VFG035105
P1752,Q9I748.1,,,,VFG035104
P1753,Q9I748.1,,,,VFG035110
P1754,Q9I748.1,,,,VFG035114
P1755,Q9I748.1,,,,VFG035115
P1756,Q9I748.1,,,,VFG035769
P1757,Q9I748.1,,,,VFG048636
P1758,Q9I748.1,,,,VFG048644
P1759,Q9I748.1,,,,VFG035106
P1760,Q9I748.1,,,,VFG035777
P1761,Q9I748.1,,,,VFG035768
P1762,Q9I748.1,,,,VFG038380
P1763,Q9I748.1,,,,VFG041170
P1764,Q9I748.1,,,,VFG048635
P1765,Q9I748.1,,,,VFG051525
P1766,Q9I748.1,,,,VFG002093
P1767,Q9I748.1,,,,VFG041016
P1768,Q9I748.1,,,,VFG051524
P1769,Q9I748.1,,,,VFG051520
P1770,Q9I748.1,,,,VFG051523
P1771,Q9I748.1,,,,VFG051526
P1772,Q9I748.1,,,,VFG035760
P1773,Q9I748.1,,,,VFG051961
P1774,Q9I748.1,,,,VFG051962
P1775,Q9I748.1,,,,VFG051960
P1776,Q9I748.1,,,,VFG035762
P1777,Q9I748.1,,,,VFG035774
P1778,P0A1E6.1,,,,VFG000458
P1779,P0A1E6.1,,,,VFG021259
P1780,P0A1I4.1,,,,VFG000557
P1781,P0A1I4.1,,,,VFG020560
P1782,P0A1I4.1,,,,VFG020558
P1783,P0A1I4.1,,,,VFG020561
P1784,P0A1I4.1,,,,VFG018514
P1785,P0A1I4.1,,,,VFG041846
P1786,P0A1I4.1,,,,VFG042078
P1787,P0A1I4.1,,,,VFG020109
P1788,P0A1I4.1,,,,VFG001006
P1789,P0A1I4.1,,,,VFG012683
P1790,P0A1I4.1,,,,VFG025139
P1791,P0A1I4.1,,,,VFG002461
P1792,P0A1I4.1,,,,VFG003525
P1793,P0A1I4.1,,,,VFG041451
P1794,P0A1I4.1,,,,VFG041472
P1795,P0A1I4.1,,,,VFG023709
P1796,P0A1I4.1,,,,VFG000384
P1797,P0A1I4.1,,,,VFG003461
P1798,P0A1I4.1,,,,VFG041828
P1799,P0A1I4.1,,,,VFG007152
P1800,P0A1I4.1,,,,VFG041653
P1801,P0A1I4.1,,,,VFG038342
P1802,P0A1I4.1,,,,VFG042271
P1803,P0A1I4.1,,,,VFG000064
P1804,P0A1I4.1,,,,VFG011020
P1805,P0A1I4.1,,,,VFG023592
P1806,P0A1I4.1,,,,VFG041871
P1807,P0A1I4.1,,,,VFG017295
P1808,P0A1I4.1,,,,VFG003369
P1809,P0A1I4.1,,,,VFG000198
P1810,P0A1I4.1,,,,VFG015120
P1811,P0A1I4.1,,,,VFG041585
P1812,P0A1I4.1,,,,VFG033552
P1813,P0A1I4.1,,,,VFG041545
P1814,P0A1I4.1,,,,VFG033551
P1815,P0A1I4.1,,,,VFG033553
P1816,P0A1I4.1,,,,VFG033545
P1817,P0A1I4.1,,,,VFG000813
P1818,P0A1I4.1,,,,VFG001758
P1819,P0A1I4.1,,,,VFG041754
P1820,P0A1I4.1,,,,VFG002126
P1821,P0A1I4.1,,,,VFG016860
P1822,P0A1I4.1,,,,VFG018452
P1823,P0A1I4.1,,,,VFG003915
P1824,P0A1I4.1,,,,VFG015235
P1825,P0A1I4.1,,,,VFG016865
P1826,P0A1I4.1,,,,VFG003916
P1827,P0A1I4.1,,,,VFG020851
P1828,P0A1I4.1,,,,VFG000514
P1829,P0A1I4.1,,,,VFG016866
P1830,P0A1I4.1,,,,VFG042179
P1831,P0A1I4.1,,,,VFG003913
P1832,P0A1I4.1,,,,VFG041505
P1833,P0A1I4.1,,,,VFG020854
P1834,P0A1I4.1,,,,VFG016867
P1835,P0A1I4.1,,,,VFG015233
P1836,P0A1I4.1,,,,VFG015234
P1837,P0A1I4.1,,,,VFG042238
P1838,P0A1I4.1,,,,VFG042109
P1839,P0A1I4.1,,,,VFG016861
P1840,P0A1I4.1,,,,VFG041699
P1841,P0A1I4.1,,,,VFG007594
P1842,P0A1I4.1,,,,VFG007595
P1843,P0A1I4.1,,,,VFG007597
P1844,P0A1I4.1,,,,VFG038682
P1845,P0A1I4.1,,,,VFG043310
P1846,P0A1I4.1,,,,VFG038683
P1847,P0A1I4.1,,,,VFG011260
P1848,P0A1I4.1,,,,VFG007593
P1849,P0A1I4.1,,,,VFG007592
P1850,P0A1I4.1,,,,VFG043086
P1851,P0A1I4.1,,,,VFG002522
P1852,P0A1I4.1,,,,VFG025797
P1853,P0A1I4.1,,,,VFG014591
P1854,P0A1I4.1,,,,VFG017340
P1855,P0A1I4.1,,,,VFG020249
P1856,P0A1I4.1,,,,VFG002685
P1857,P0A1I4.1,,,,VFG043034
P1858,P0A1I4.1,,,,VFG019009
P1859,P0A1I4.1,,,,VFG003310
P1860,P0A1I4.1,,,,VFG023690
P1861,P0A1I4.1,,,,VFG003443
P1862,P0A1I4.1,,,,VFG001263
P1863,P0A1I4.1,,,,VFG002356
P1864,P0A1I4.1,,,,VFG016784
P1865,P0A1I4.1,,,,VFG015713
P1866,P0A1I4.1,,,,VFG002012
P1867,P0A1I4.1,,,,VFG014598
P1868,P0A1I4.1,,,,VFG011259
P1869,P0A1I4.1,,,,VFG014597
P1870,P0A1I4.1,,,,VFG014596
P1871,P0A1I4.1,,,,VFG025787
P1872,P0A1I4.1,,,,VFG025785
P1873,P0A1I4.1,,,,VFG014602
P1874,P0A1I4.1,,,,VFG014601
P1875,P0A1I4.1,,,,VFG014599
P1876,P0A1I4.1,,,,VFG015712
P1877,P0A1I4.1,,,,VFG038684
P1878,P0A1I4.1,,,,VFG014593
P1879,P0A1I4.1,,,,VFG014595
P1880,P0A1Q7.1,,,,VFG013196
P1881,P0A1Q7.1,,,,VFG013607
P1882,P0A1X5.2,,,,VFG013379
P1883,P0A1X5.2,,,,VFG013165
P1884,P0A1X5.2,,,,VFG013378
P1885,P0A1X5.2,,,,VFG013377
P1886,P0A1X5.2,,,,VFG013375
P1887,P0A1X5.2,,,,VFG013374
P1888,P0A1X5.2,,,,VFG013376
P1889,P0A1X5.2,,,,VFG047268
P1890,P0A1X5.2,,,,VFG047283
P1891,P0A1X5.2,,,,VFG047284
P1892,P0A1X5.2,,,,VFG047279
P1893,P0A1X5.2,,,,VFG047267
P1894,P63222.1,,,,VFG013422
P1895,P63222.1,,,,VFG013418
P1896,P63222.1,,,,VFG013419
P1897,P63222.1,,,,VFG013421
P1898,P63222.1,,,,VFG013171
P1899,P63222.1,,,,VFG013420
P1900,Q56023.1,,,,VFG003721
P1901,Q56023.1,,,,VFG000551
P1902,Q56023.1,,,,VFG018526
P1903,Q56023.1,,,,VFG003723
P1904,Q56023.1,,,,VFG041852
P1905,Q56023.1,,,,VFG042084
P1906,Q56127.1,,,,VFG049010
P1907,Q56127.1,,,,VFG049018
P1908,Q56127.1,,,,VFG049013
P1909,Q56127.1,,,,VFG049016
P1910,Q8Z386.1,,,,VFG013509
P1911,Q8Z386.1,,,,VFG013510
P1912,Q8Z386.1,,,,VFG013508
P1913,Q8Z386.1,,,,VFG013512
P1914,Q8Z386.1,,,,VFG007632
P1915,Q8Z4R0.3,,,,VFG042931
P1916,Q8Z5F7.1,,,,VFG037718
P1917,Q8Z5F7.1,,,,VFG037726
P1918,Q8Z5F7.1,,,,VFG037724
P1919,Q8Z5F7.1,,,,VFG037720
P1920,Q8Z5F7.1,,,,VFG037729
P1921,Q8Z5F7.1,,,,VFG049136
P1922,Q8Z5F7.1,,,,VFG049139
P1923,Q8Z5F7.1,,,,VFG049146
P1924,Q8Z5F7.1,,,,VFG049144
P1925,Q8Z5F7.1,,,,VFG037721
P1926,Q8Z5G6.1,,,,VFG048921
P1927,Q8Z5G6.1,,,,VFG048971
P1928,Q8Z5G6.1,,,,VFG048922
P1929,Q8Z5G6.1,,,,VFG048838
P1930,Q8Z5G6.1,,,,VFG048854
P1931,Q8Z5G6.1,,,,VFG048847
P1932,Q8Z5G6.1,,,,VFG048905
P1933,Q8Z5G6.1,,,,VFG048831
P1934,Q8Z5G6.1,,,,VFG048947
P1935,Q8Z5G6.1,,,,VFG048951
P1936,Q8Z5G6.1,,,,VFG048923
P1937,Q8Z5G6.1,,,,VFG007630
P1938,Q8Z5G6.1,,,,VFG007629
P1939,Q8Z5G6.1,,,,VFG007631
P1940,Q8Z5G6.1,,,,VFG037863
P1941,Q8Z5G6.1,,,,VFG038076
P1942,Q8Z5G6.1,,,,VFG037857
P1943,Q8Z5G6.1,,,,VFG037852
P1944,Q8Z5G6.1,,,,VFG037849
P1945,Q8Z5G6.1,,,,VFG037856
P1946,Q8Z5G6.1,,,,VFG037858
P1947,Q8Z5G6.1,,,,VFG037855
P1948,Q8Z5G6.1,,,,VFG037861
P1949,Q8Z5G6.1,,,,VFG037850
P1950,Q8Z5G6.1,,,,VFG037853
P1951,Q8Z5V2.1,,,,VFG043038
P1952,Q8Z5V2.1,,,,VFG043090
P1953,Q8Z5V2.1,,,,VFG043207
P1954,Q8Z5V2.1,,,,VFG002526
P1955,Q8Z5V2.1,,,,VFG025849
P1956,Q8Z5V2.1,,,,VFG025837
P1957,Q8Z5V2.1,,,,VFG025839
P1958,Q8Z727.3,,,,VFG043820
P1959,Q8Z727.3,,,,VFG043821
P1960,Q8Z727.3,,,,VFG036051
P1961,Q8Z727.3,,,,VFG036056
P1962,Q8Z727.3,,,,VFG036044
P1963,Q8Z727.3,,,,VFG036046
P1964,Q8Z727.3,,,,VFG036060
P1965,Q8Z801.1,,,,VFG013242
P1966,Q8Z801.1,,,,VFG013244
P1967,Q8Z801.1,,,,VFG013243
P1968,Q8Z9A1.1,,,,VFG013386
P1969,Q8Z9A1.1,,,,VFG013384
P1970,Q8Z9A1.1,,,,VFG013385
P1971,Q8Z9A1.1,,,,VFG013387
P1972,Q8Z9A1.1,,,,VFG013389
P1973,Q8Z9A1.1,,,,VFG013166
P1974,Q8Z9A1.1,,,,VFG013388
P1975,Q8Z9A2.1,,,,VFG013167
P1976,Q8Z9A2.1,,,,VFG013394
P1977,Q8Z9A2.1,,,,VFG013393
P1978,Q8Z9A2.1,,,,VFG013392
P1979,Q8Z9A2.1,,,,VFG013391
P1980,Q8Z9A2.1,,,,VFG013390
P1981,Q8Z9A4.1,,,,VFG015003
P1982,Q8Z9A4.1,,,,VFG015004
P1983,Q8Z9A4.1,,,,VFG015005
P1984,Q8Z9A4.1,,,,VFG015009
P1985,Q8Z9A4.1,,,,VFG015000
P1986,Q8Z9A4.1,,,,VFG015002
P1987,Q8Z9A4.1,,,,VFG015008
P1988,Q8Z9A4.1,,,,VFG019924
P1989,Q8Z9A4.1,,,,VFG015001
P1990,Q8Z9A4.1,,,,VFG015774
P1991,Q8Z9A4.1,,,,VFG015775
P1992,Q8Z9A4.1,,,,VFG019925
P1993,Q8Z9A4.1,,,,VFG015010
P1994,Q8Z9A4.1,,,,VFG015012
P1995,Q8Z9A4.1,,,,VFG015006
P1996,Q8Z9A4.1,,,,VFG015007
P1997,Q8Z9A4.1,,,,VFG015011
P1998,Q8Z9G3.1,,,,VFG023546
P1999,Q8Z9G3.1,,,,VFG009161
P2000,Q8Z9G3.1,,,,VFG009230
P2001,Q8Z9G3.1,,,,VFG009165
P2002,Q8Z9G3.1,,,,VFG009115
P2003,Q8Z9G3.1,,,,VFG009164
P2004,Q8Z9G3.1,,,,VFG009163
P2005,Q8Z9G3.1,,,,VFG009172
P2006,Q8Z9G3.1,,,,VFG009162
P2007,Q8Z9G3.1,,,,VFG009116
P2008,Q8Z9G3.1,,,,VFG023548
P2009,Q8Z9G3.1,,,,VFG009170
P2010,Q8Z9G3.1,,,,VFG009219
P2011,Q8Z9G3.1,,,,VFG023552
P2012,Q8Z9G3.1,,,,VFG009226
P2013,Q8Z9G3.1,,,,VFG009119
P2014,Q8Z9G3.1,,,,VFG009231
P2015,Q8Z9G3.1,,,,VFG009118
P2016,Q8Z9G3.1,,,,VFG009228
P2017,Q8Z9G3.1,,,,VFG009227
P2018,Q8Z9G3.1,,,,VFG023545
P2019,Q8Z9G3.1,,,,VFG009166
P2020,Q8Z9G3.1,,,,VFG009229
P2021,Q8Z9G3.1,,,,VFG009225
P2022,Q8Z9G3.1,,,,VFG024681
P2023,Q8Z9G3.1,,,,VFG009175
P2024,Q8Z9G3.1,,,,VFG024684
P2025,Q8Z9G3.1,,,,VFG009117
P2026,Q8Z9G3.1,,,,VFG024682
P2027,B1I9J5.1,,,,VFG019091
P2028,B1I9J5.1,,,,VFG019092
P2029,B1I9J5.1,,,,VFG005549
P2030,B1I9J5.1,,,,VFG005550
P2031,B1I9J5.1,,,,VFG018661
P2032,B1I9J5.1,,,,VFG005552
P2033,B1I9J5.1,,,,VFG005546
P2034,B1I9J5.1,,,,VFG005548
P2035,B1I9J5.1,,,,VFG005543
P2036,B1I9J5.1,,,,VFG005547
P2037,B1I9J5.1,,,,VFG005536
P2038,B1I9J5.1,,,,VFG005534
P2039,B1I9J5.1,,,,VFG005544
P2040,B1I9J5.1,,,,VFG005553
P2041,B1I9J5.1,,,,VFG005556
P2042,B1I9J5.1,,,,VFG005554
P2043,B5E749.1,,,,VFG009230
P2044,B5E749.1,,,,VFG009231
P2045,B5E749.1,,,,VFG009165
P2046,B5E749.1,,,,VFG009118
P2047,B5E749.1,,,,VFG009164
P2048,B5E749.1,,,,VFG009172
P2049,B5E749.1,,,,VFG009162
P2050,B5E749.1,,,,VFG009115
P2051,B5E749.1,,,,VFG009116
P2052,B5E749.1,,,,VFG009226
P2053,B5E749.1,,,,VFG023548
P2054,B5E749.1,,,,VFG009170
P2055,B5E749.1,,,,VFG009219
P2056,B5E749.1,,,,VFG023546
P2057,B5E749.1,,,,VFG009119
P2058,B5E749.1,,,,VFG024681
P2059,B5E749.1,,,,VFG009161
P2060,B5E749.1,,,,VFG009163
P2061,B5E749.1,,,,VFG009225
P2062,B5E749.1,,,,VFG009228
P2063,B5E749.1,,,,VFG009166
P2064,B5E749.1,,,,VFG009229
P2065,B5E749.1,,,,VFG023552
P2066,B5E749.1,,,,VFG023545
P2067,B5E749.1,,,,VFG009227
P2068,B5E749.1,,,,VFG024684
P2069,B5E749.1,,,,VFG024682
P2070,B5E749.1,,,,VFG009117
P2071,B5E749.1,,,,VFG009175
P2072,Q54518.1,,,,VFG019110
P2073,Q54518.1,,,,VFG001366
P2074,Q54518.1,,,,VFG019109
P2075,Q54518.1,,,,VFG005860
P2076,Q54518.1,,,,VFG018678
P2077,Q54518.1,,,,VFG006053
P2078,Q54518.1,,,,VFG006023
P2079,Q54518.1,,,,VFG006000
P2080,Q54518.1,,,,VFG006024
P2081,Q54518.1,,,,VFG006020
P2082,Q54518.1,,,,VFG005912
P2083,Q97P83.1,,,,VFG023546
P2084,Q97P83.1,,,,VFG009161
P2085,Q97P83.1,,,,VFG009118
P2086,Q97P83.1,,,,VFG009231
P2087,Q97P83.1,,,,VFG009226
P2088,Q97P83.1,,,,VFG009225
P2089,Q97P83.1,,,,VFG009230
P2090,Q97P83.1,,,,VFG023552
P2091,Q97P83.1,,,,VFG024681
P2092,Q97P83.1,,,,VFG009229
P2093,Q97P83.1,,,,VFG024684
P2094,Q97P83.1,,,,VFG009117
P2095,Q97P83.1,,,,VFG024682
P2096,Q9AHD4.1,,,,VFG001366
P2097,Q9AHD4.1,,,,VFG005860
P2098,Q9AHD4.1,,,,VFG019109
P2099,Q9AHD4.1,,,,VFG019110
P2100,Q9AHD4.1,,,,VFG018678
P2101,Q9AHD4.1,,,,VFG006023
P2102,Q9AHD4.1,,,,VFG006024
P2103,Q9AHD4.1,,,,VFG006000
P2104,Q9AHD4.1,,,,VFG006020
P2105,Q9AHD4.1,,,,VFG006053
P2106,Q9AHD4.1,,,,VFG005912
P2107,Q9AHD4.1,,,,VFG005899
P2108,P20796.1,,,,VFG016439
P2109,P20796.1,,,,VFG002033
P2110,P22747.2,,,,VFG016455
P2111,P22747.2,,,,VFG002030
P2112,P47318.1,,,,VFG023546
P2113,P47318.1,,,,VFG009161
P2114,P47318.1,,,,VFG009165
P2115,P47318.1,,,,VFG009118
P2116,P47318.1,,,,VFG009231
P2117,P47318.1,,,,VFG009226
P2118,P47318.1,,,,VFG009172
P2119,P47318.1,,,,VFG023548
P2120,P47318.1,,,,VFG009162
P2121,P47318.1,,,,VFG009116
P2122,P47318.1,,,,VFG009170
P2123,P47318.1,,,,VFG009115
P2124,P47318.1,,,,VFG009219
P2125,P47318.1,,,,VFG009225
P2126,P47318.1,,,,VFG009164
P2127,P47318.1,,,,VFG009119
P2128,P47318.1,,,,VFG009228
P2129,P47318.1,,,,VFG024681
P2130,P47318.1,,,,VFG009163
P2131,P47318.1,,,,VFG009230
P2132,P47318.1,,,,VFG009229
P2133,P47318.1,,,,VFG023545
P2134,P47318.1,,,,VFG009166
P2135,P47318.1,,,,VFG023552
P2136,P47318.1,,,,VFG009227
P2137,P47318.1,,,,VFG009175
P2138,P47318.1,,,,VFG024684
P2139,P47318.1,,,,VFG009117
P2140,P47318.1,,,,VFG024682
P2141,P47459.1,,,,VFG016445
P2142,P47460.1,,,,VFG016449
P2143,P47460.1,,,,VFG002029
P2144,Q49413.1,,,,VFG016447
P2145,Q49417.1,,,,VFG016442
P2146,Q49429.1,,,,VFG016476
P2147,Q57081.1,,,,VFG016452
P2148,P33410.1,,,,VFG000008
P2149,P33410.1,,,,VFG010959
P2150,P33410.1,,,,VFG010960
P2151,P33410.1,,,,VFG010961
P2152,P33410.1,,,,VFG042701
P2153,P33410.1,,,,VFG042617
P2154,P33410.1,,,,VFG043625
P2155,P33410.1,,,,VFG048374
P2156,P33410.1,,,,VFG048380
P2157,P33410.1,,,,VFG033294
P2158,P33410.1,,,,VFG033272
P2159,P33410.1,,,,VFG033285
P2160,P33410.1,,,,VFG033279
P2161,P33410.1,,,,VFG033277
P2162,P33410.1,,,,VFG033290
P2163,P33410.1,,,,VFG033288
P2164,P33410.1,,,,VFG033296
P2165,P33410.1,,,,VFG033289
P2166,P33410.1,,,,VFG046058
P2167,P33410.1,,,,VFG012300
P2168,P33410.1,,,,VFG012299
P2169,P33410.1,,,,VFG033273
P2170,P33410.1,,,,VFG000876
P2171,P33410.1,,,,VFG012303
P2172,P33410.1,,,,VFG012298
P2173,P33410.1,,,,VFG012302
P2174,P33410.1,,,,VFG033271
P2175,P33410.1,,,,VFG048371
P2176,P33410.1,,,,VFG033291
P2177,P33410.1,,,,VFG042706
P2178,P33410.1,,,,VFG042537
P2179,P33410.1,,,,VFG048275
P2180,P33410.1,,,,VFG048277
P2181,P33410.1,,,,VFG048273
P2182,P33410.1,,,,VFG048278
P2183,Q7VUR2.1,,,,VFG009230
P2184,Q7VUR2.1,,,,VFG023546
P2185,Q7VUR2.1,,,,VFG023548
P2186,Q7VUR2.1,,,,VFG009170
P2187,Q7VUR2.1,,,,VFG009226
P2188,Q7VUR2.1,,,,VFG023552
P2189,Q7VUR2.1,,,,VFG024681
P2190,Q7VUR2.1,,,,VFG009115
P2191,Q7VUR2.1,,,,VFG009172
P2192,Q7VUR2.1,,,,VFG009116
P2193,Q7VUR2.1,,,,VFG009229
P2194,Q7VUR2.1,,,,VFG009162
P2195,Q7VUR2.1,,,,VFG009119
P2196,Q7VUR2.1,,,,VFG009118
P2197,Q7VUR2.1,,,,VFG009161
P2198,Q7VUR2.1,,,,VFG009225
P2199,Q7VUR2.1,,,,VFG009228
P2200,Q7VUR2.1,,,,VFG024684
P2201,Q7VUR2.1,,,,VFG009117
P2202,Q7VUR2.1,,,,VFG024682
P2203,Q7VZ94.1,,,,VFG025837
P2204,Q7VZ94.1,,,,VFG025849
P2205,Q7VZ94.1,,,,VFG025839
P2206,Q7VZ94.1,,,,VFG002526
P2207,Q7VZ94.1,,,,VFG043207
P2208,Q7VZ94.1,,,,VFG043090
P2209,Q7VZ94.1,,,,VFG043038